family,name,source,n,m,n_equalities,nnz_Q,nnz_G,protocol,formulation,note
MPC,MPC_001_LIPMWALK0,LIPMWALK0,16,32,0,256,240,,"min 0.5*x'Qx + q'x + c  s.t.  l_h <= Gx <= u_h,  l_x <= x <= u_x",
MPC,MPC_002_LIPMWALK1,LIPMWALK1,16,32,0,256,240,,"min 0.5*x'Qx + q'x + c  s.t.  l_h <= Gx <= u_h,  l_x <= x <= u_x",
MPC,MPC_003_LIPMWALK2,LIPMWALK2,16,32,0,256,240,,"min 0.5*x'Qx + q'x + c  s.t.  l_h <= Gx <= u_h,  l_x <= x <= u_x",
MPC,MPC_004_LIPMWALK3,LIPMWALK3,16,32,0,256,240,,"min 0.5*x'Qx + q'x + c  s.t.  l_h <= Gx <= u_h,  l_x <= x <= u_x",
MPC,MPC_005_LIPMWALK4,LIPMWALK4,16,32,0,256,240,,"min 0.5*x'Qx + q'x + c  s.t.  l_h <= Gx <= u_h,  l_x <= x <= u_x",
MPC,MPC_006_LIPMWALK5,LIPMWALK5,16,32,0,256,240,,"min 0.5*x'Qx + q'x + c  s.t.  l_h <= Gx <= u_h,  l_x <= x <= u_x",
MPC,MPC_007_LIPMWALK6,LIPMWALK6,16,32,0,256,240,,"min 0.5*x'Qx + q'x + c  s.t.  l_h <= Gx <= u_h,  l_x <= x <= u_x",
MPC,MPC_008_LIPMWALK7,LIPMWALK7,16,32,0,256,240,,"min 0.5*x'Qx + q'x + c  s.t.  l_h <= Gx <= u_h,  l_x <= x <= u_x",
MPC,MPC_009_LIPMWALK8,LIPMWALK8,16,32,0,256,240,,"min 0.5*x'Qx + q'x + c  s.t.  l_h <= Gx <= u_h,  l_x <= x <= u_x",
MPC,MPC_010_LIPMWALK9,LIPMWALK9,16,32,0,256,240,,"min 0.5*x'Qx + q'x + c  s.t.  l_h <= Gx <= u_h,  l_x <= x <= u_x",
MPC,MPC_011_LIPMWALK10,LIPMWALK10,16,32,0,256,240,,"min 0.5*x'Qx + q'x + c  s.t.  l_h <= Gx <= u_h,  l_x <= x <= u_x",
MPC,MPC_012_LIPMWALK11,LIPMWALK11,16,32,0,256,240,,"min 0.5*x'Qx + q'x + c  s.t.  l_h <= Gx <= u_h,  l_x <= x <= u_x",
MPC,MPC_013_LIPMWALK12,LIPMWALK12,16,32,0,256,240,,"min 0.5*x'Qx + q'x + c  s.t.  l_h <= Gx <= u_h,  l_x <= x <= u_x",
MPC,MPC_014_LIPMWALK13,LIPMWALK13,16,32,0,256,240,,"min 0.5*x'Qx + q'x + c  s.t.  l_h <= Gx <= u_h,  l_x <= x <= u_x",
MPC,MPC_015_LIPMWALK14,LIPMWALK14,16,32,0,256,240,,"min 0.5*x'Qx + q'x + c  s.t.  l_h <= Gx <= u_h,  l_x <= x <= u_x",
MPC,MPC_016_LIPMWALK15,LIPMWALK15,16,32,0,256,240,,"min 0.5*x'Qx + q'x + c  s.t.  l_h <= Gx <= u_h,  l_x <= x <= u_x",
MPC,MPC_017_LIPMWALK16,LIPMWALK16,16,32,0,256,240,,"min 0.5*x'Qx + q'x + c  s.t.  l_h <= Gx <= u_h,  l_x <= x <= u_x",
MPC,MPC_018_LIPMWALK17,LIPMWALK17,16,32,0,256,240,,"min 0.5*x'Qx + q'x + c  s.t.  l_h <= Gx <= u_h,  l_x <= x <= u_x",
MPC,MPC_019_LIPMWALK18,LIPMWALK18,16,32,0,256,240,,"min 0.5*x'Qx + q'x + c  s.t.  l_h <= Gx <= u_h,  l_x <= x <= u_x",
MPC,MPC_020_LIPMWALK19,LIPMWALK19,16,32,0,256,240,,"min 0.5*x'Qx + q'x + c  s.t.  l_h <= Gx <= u_h,  l_x <= x <= u_x",
MPC,MPC_021_LIPMWALK20,LIPMWALK20,16,32,0,256,240,,"min 0.5*x'Qx + q'x + c  s.t.  l_h <= Gx <= u_h,  l_x <= x <= u_x",
MPC,MPC_022_LIPMWALK21,LIPMWALK21,16,32,0,256,240,,"min 0.5*x'Qx + q'x + c  s.t.  l_h <= Gx <= u_h,  l_x <= x <= u_x",
MPC,MPC_023_LIPMWALK22,LIPMWALK22,16,32,0,256,240,,"min 0.5*x'Qx + q'x + c  s.t.  l_h <= Gx <= u_h,  l_x <= x <= u_x",
MPC,MPC_024_LIPMWALK23,LIPMWALK23,16,32,0,256,240,,"min 0.5*x'Qx + q'x + c  s.t.  l_h <= Gx <= u_h,  l_x <= x <= u_x",
MPC,MPC_025_LIPMWALK24,LIPMWALK24,16,32,0,256,240,,"min 0.5*x'Qx + q'x + c  s.t.  l_h <= Gx <= u_h,  l_x <= x <= u_x",
MPC,MPC_026_LIPMWALK25,LIPMWALK25,16,32,0,256,240,,"min 0.5*x'Qx + q'x + c  s.t.  l_h <= Gx <= u_h,  l_x <= x <= u_x",
MPC,MPC_027_LIPMWALK26,LIPMWALK26,16,32,0,256,240,,"min 0.5*x'Qx + q'x + c  s.t.  l_h <= Gx <= u_h,  l_x <= x <= u_x",
MPC,MPC_028_LIPMWALK27,LIPMWALK27,16,32,0,256,240,,"min 0.5*x'Qx + q'x + c  s.t.  l_h <= Gx <= u_h,  l_x <= x <= u_x",
MPC,MPC_029_LIPMWALK28,LIPMWALK28,16,32,0,256,240,,"min 0.5*x'Qx + q'x + c  s.t.  l_h <= Gx <= u_h,  l_x <= x <= u_x",
MPC,MPC_030_LIPMWALK29,LIPMWALK29,16,32,0,256,240,,"min 0.5*x'Qx + q'x + c  s.t.  l_h <= Gx <= u_h,  l_x <= x <= u_x",
MPC,MPC_031_QUADCMPC1,QUADCMPC1,768,896,384,320,3502,,"min 0.5*x'Qx + q'x + c  s.t.  l_h <= Gx <= u_h,  l_x <= x <= u_x",
MPC,MPC_032_QUADCMPC2,QUADCMPC2,576,672,288,240,2622,,"min 0.5*x'Qx + q'x + c  s.t.  l_h <= Gx <= u_h,  l_x <= x <= u_x",
MPC,MPC_033_QUADCMPC3,QUADCMPC3,384,448,192,160,1742,,"min 0.5*x'Qx + q'x + c  s.t.  l_h <= Gx <= u_h,  l_x <= x <= u_x",
MPC,MPC_034_QUADCMPC4,QUADCMPC4,384,448,192,160,1742,,"min 0.5*x'Qx + q'x + c  s.t.  l_h <= Gx <= u_h,  l_x <= x <= u_x",
MPC,MPC_035_WHLIPBAL0,WHLIPBAL0,50,100,0,2500,100,,"min 0.5*x'Qx + q'x + c  s.t.  l_h <= Gx <= u_h,  l_x <= x <= u_x",
MPC,MPC_036_WHLIPBAL1,WHLIPBAL1,50,100,0,2500,100,,"min 0.5*x'Qx + q'x + c  s.t.  l_h <= Gx <= u_h,  l_x <= x <= u_x",
MPC,MPC_037_WHLIPBAL2,WHLIPBAL2,50,100,0,2500,100,,"min 0.5*x'Qx + q'x + c  s.t.  l_h <= Gx <= u_h,  l_x <= x <= u_x",
MPC,MPC_038_WHLIPBAL3,WHLIPBAL3,50,100,0,2500,100,,"min 0.5*x'Qx + q'x + c  s.t.  l_h <= Gx <= u_h,  l_x <= x <= u_x",
MPC,MPC_039_WHLIPBAL4,WHLIPBAL4,50,100,0,2500,100,,"min 0.5*x'Qx + q'x + c  s.t.  l_h <= Gx <= u_h,  l_x <= x <= u_x",
MPC,MPC_040_WHLIPBAL5,WHLIPBAL5,50,100,0,2500,100,,"min 0.5*x'Qx + q'x + c  s.t.  l_h <= Gx <= u_h,  l_x <= x <= u_x",
MPC,MPC_041_WHLIPBAL6,WHLIPBAL6,50,100,0,2500,100,,"min 0.5*x'Qx + q'x + c  s.t.  l_h <= Gx <= u_h,  l_x <= x <= u_x",
MPC,MPC_042_WHLIPBAL7,WHLIPBAL7,50,100,0,2500,100,,"min 0.5*x'Qx + q'x + c  s.t.  l_h <= Gx <= u_h,  l_x <= x <= u_x",
MPC,MPC_043_WHLIPBAL8,WHLIPBAL8,50,100,0,2500,100,,"min 0.5*x'Qx + q'x + c  s.t.  l_h <= Gx <= u_h,  l_x <= x <= u_x",
MPC,MPC_044_WHLIPBAL9,WHLIPBAL9,50,100,0,2500,100,,"min 0.5*x'Qx + q'x + c  s.t.  l_h <= Gx <= u_h,  l_x <= x <= u_x",
MPC,MPC_045_WHLIPBAL10,WHLIPBAL10,50,100,0,2500,100,,"min 0.5*x'Qx + q'x + c  s.t.  l_h <= Gx <= u_h,  l_x <= x <= u_x",
MPC,MPC_046_WHLIPBAL11,WHLIPBAL11,50,100,0,2500,100,,"min 0.5*x'Qx + q'x + c  s.t.  l_h <= Gx <= u_h,  l_x <= x <= u_x",
MPC,MPC_047_WHLIPBAL12,WHLIPBAL12,50,100,0,2500,100,,"min 0.5*x'Qx + q'x + c  s.t.  l_h <= Gx <= u_h,  l_x <= x <= u_x",
MPC,MPC_048_WHLIPBAL13,WHLIPBAL13,50,100,0,2500,100,,"min 0.5*x'Qx + q'x + c  s.t.  l_h <= Gx <= u_h,  l_x <= x <= u_x",
MPC,MPC_049_WHLIPBAL14,WHLIPBAL14,50,100,0,2500,100,,"min 0.5*x'Qx + q'x + c  s.t.  l_h <= Gx <= u_h,  l_x <= x <= u_x",
MPC,MPC_050_WHLIPBAL15,WHLIPBAL15,50,100,0,2500,100,,"min 0.5*x'Qx + q'x + c  s.t.  l_h <= Gx <= u_h,  l_x <= x <= u_x",
MPC,MPC_051_WHLIPBAL16,WHLIPBAL16,50,100,0,2500,100,,"min 0.5*x'Qx + q'x + c  s.t.  l_h <= Gx <= u_h,  l_x <= x <= u_x",
MPC,MPC_052_WHLIPBAL17,WHLIPBAL17,50,100,0,2500,100,,"min 0.5*x'Qx + q'x + c  s.t.  l_h <= Gx <= u_h,  l_x <= x <= u_x",
MPC,MPC_053_WHLIPBAL18,WHLIPBAL18,50,100,0,2500,100,,"min 0.5*x'Qx + q'x + c  s.t.  l_h <= Gx <= u_h,  l_x <= x <= u_x",
MPC,MPC_054_WHLIPBAL19,WHLIPBAL19,50,100,0,2500,100,,"min 0.5*x'Qx + q'x + c  s.t.  l_h <= Gx <= u_h,  l_x <= x <= u_x",
MPC,MPC_055_WHLIPBAL20,WHLIPBAL20,50,100,0,2500,100,,"min 0.5*x'Qx + q'x + c  s.t.  l_h <= Gx <= u_h,  l_x <= x <= u_x",
MPC,MPC_056_WHLIPBAL21,WHLIPBAL21,50,100,0,2500,100,,"min 0.5*x'Qx + q'x + c  s.t.  l_h <= Gx <= u_h,  l_x <= x <= u_x",
MPC,MPC_057_WHLIPBAL22,WHLIPBAL22,50,100,0,2500,100,,"min 0.5*x'Qx + q'x + c  s.t.  l_h <= Gx <= u_h,  l_x <= x <= u_x",
MPC,MPC_058_WHLIPBAL23,WHLIPBAL23,50,100,0,2500,100,,"min 0.5*x'Qx + q'x + c  s.t.  l_h <= Gx <= u_h,  l_x <= x <= u_x",
MPC,MPC_059_WHLIPBAL24,WHLIPBAL24,50,100,0,2500,100,,"min 0.5*x'Qx + q'x + c  s.t.  l_h <= Gx <= u_h,  l_x <= x <= u_x",
MPC,MPC_060_WHLIPBAL25,WHLIPBAL25,50,100,0,2500,100,,"min 0.5*x'Qx + q'x + c  s.t.  l_h <= Gx <= u_h,  l_x <= x <= u_x",
MPC,MPC_061_WHLIPBAL26,WHLIPBAL26,50,100,0,2500,100,,"min 0.5*x'Qx + q'x + c  s.t.  l_h <= Gx <= u_h,  l_x <= x <= u_x",
MPC,MPC_062_WHLIPBAL27,WHLIPBAL27,50,100,0,2500,100,,"min 0.5*x'Qx + q'x + c  s.t.  l_h <= Gx <= u_h,  l_x <= x <= u_x",
MPC,MPC_063_WHLIPBAL28,WHLIPBAL28,50,100,0,2500,100,,"min 0.5*x'Qx + q'x + c  s.t.  l_h <= Gx <= u_h,  l_x <= x <= u_x",
MPC,MPC_064_WHLIPBAL29,WHLIPBAL29,50,100,0,2500,100,,"min 0.5*x'Qx + q'x + c  s.t.  l_h <= Gx <= u_h,  l_x <= x <= u_x",
MM,MM_001_AUG2D,AUG2D,20200,10000,10000,19800,40000,,"min 0.5*x'Qx + q'x + c  s.t.  l_h <= Gx <= u_h,  l_x <= x <= u_x",
MM,MM_002_AUG2DC,AUG2DC,20200,10000,10000,20200,40000,,"min 0.5*x'Qx + q'x + c  s.t.  l_h <= Gx <= u_h,  l_x <= x <= u_x",
MM,MM_003_AUG2DCQP,AUG2DCQP,20200,10000,10000,20200,40000,,"min 0.5*x'Qx + q'x + c  s.t.  l_h <= Gx <= u_h,  l_x <= x <= u_x",
MM,MM_004_AUG2DQP,AUG2DQP,20200,10000,10000,19800,40000,,"min 0.5*x'Qx + q'x + c  s.t.  l_h <= Gx <= u_h,  l_x <= x <= u_x",
MM,MM_005_AUG3D,AUG3D,3873,1000,1000,2673,6546,,"min 0.5*x'Qx + q'x + c  s.t.  l_h <= Gx <= u_h,  l_x <= x <= u_x",
MM,MM_006_AUG3DC,AUG3DC,3873,1000,1000,3873,6546,,"min 0.5*x'Qx + q'x + c  s.t.  l_h <= Gx <= u_h,  l_x <= x <= u_x",
MM,MM_007_AUG3DCQP,AUG3DCQP,3873,1000,1000,3873,6546,,"min 0.5*x'Qx + q'x + c  s.t.  l_h <= Gx <= u_h,  l_x <= x <= u_x",
MM,MM_008_AUG3DQP,AUG3DQP,3873,1000,1000,2673,6546,,"min 0.5*x'Qx + q'x + c  s.t.  l_h <= Gx <= u_h,  l_x <= x <= u_x",
MM,MM_009_BOYD1,BOYD1,93261,18,18,93261,558985,,"min 0.5*x'Qx + q'x + c  s.t.  l_h <= Gx <= u_h,  l_x <= x <= u_x",
MM,MM_010_BOYD2,BOYD2,93263,186531,9,2,423784,,"min 0.5*x'Qx + q'x + c  s.t.  l_h <= Gx <= u_h,  l_x <= x <= u_x",
MM,MM_011_CONT-050,CONT-050,2597,2401,2401,2597,12005,,"min 0.5*x'Qx + q'x + c  s.t.  l_h <= Gx <= u_h,  l_x <= x <= u_x",
MM,MM_012_CONT-100,CONT-100,10197,9801,9801,10197,49005,,"min 0.5*x'Qx + q'x + c  s.t.  l_h <= Gx <= u_h,  l_x <= x <= u_x",
MM,MM_013_CONT-101,CONT-101,10197,10098,10098,2700,49599,,"min 0.5*x'Qx + q'x + c  s.t.  l_h <= Gx <= u_h,  l_x <= x <= u_x",
MM,MM_014_CONT-200,CONT-200,40397,39601,39601,40397,198005,,"min 0.5*x'Qx + q'x + c  s.t.  l_h <= Gx <= u_h,  l_x <= x <= u_x",
MM,MM_015_CONT-201,CONT-201,40397,40198,40198,10400,199199,,"min 0.5*x'Qx + q'x + c  s.t.  l_h <= Gx <= u_h,  l_x <= x <= u_x",
MM,MM_016_CONT-300,CONT-300,90597,90298,90298,23100,448799,,"min 0.5*x'Qx + q'x + c  s.t.  l_h <= Gx <= u_h,  l_x <= x <= u_x",
MM,MM_017_CVXQP1_L,CVXQP1_L,10000,5000,5000,69968,14998,,"min 0.5*x'Qx + q'x + c  s.t.  l_h <= Gx <= u_h,  l_x <= x <= u_x",
MM,MM_018_CVXQP1_M,CVXQP1_M,1000,500,500,6968,1498,,"min 0.5*x'Qx + q'x + c  s.t.  l_h <= Gx <= u_h,  l_x <= x <= u_x",
MM,MM_019_CVXQP1_S,CVXQP1_S,100,50,50,672,148,,"min 0.5*x'Qx + q'x + c  s.t.  l_h <= Gx <= u_h,  l_x <= x <= u_x",
MM,MM_020_CVXQP2_L,CVXQP2_L,10000,2500,2500,69968,7499,,"min 0.5*x'Qx + q'x + c  s.t.  l_h <= Gx <= u_h,  l_x <= x <= u_x",
MM,MM_021_CVXQP2_M,CVXQP2_M,1000,250,250,6968,749,,"min 0.5*x'Qx + q'x + c  s.t.  l_h <= Gx <= u_h,  l_x <= x <= u_x",
MM,MM_022_CVXQP2_S,CVXQP2_S,100,25,25,672,74,,"min 0.5*x'Qx + q'x + c  s.t.  l_h <= Gx <= u_h,  l_x <= x <= u_x",
MM,MM_023_CVXQP3_L,CVXQP3_L,10000,7500,7500,69968,22497,,"min 0.5*x'Qx + q'x + c  s.t.  l_h <= Gx <= u_h,  l_x <= x <= u_x",
MM,MM_024_CVXQP3_M,CVXQP3_M,1000,750,750,6968,2247,,"min 0.5*x'Qx + q'x + c  s.t.  l_h <= Gx <= u_h,  l_x <= x <= u_x",
MM,MM_025_CVXQP3_S,CVXQP3_S,100,75,75,672,222,,"min 0.5*x'Qx + q'x + c  s.t.  l_h <= Gx <= u_h,  l_x <= x <= u_x",
MM,MM_026_DPKLO1,DPKLO1,133,77,77,77,1575,,"min 0.5*x'Qx + q'x + c  s.t.  l_h <= Gx <= u_h,  l_x <= x <= u_x",
MM,MM_027_DTOC3,DTOC3,14999,9998,9998,14997,34993,,"min 0.5*x'Qx + q'x + c  s.t.  l_h <= Gx <= u_h,  l_x <= x <= u_x",
MM,MM_028_DUAL1,DUAL1,85,1,1,7031,85,,"min 0.5*x'Qx + q'x + c  s.t.  l_h <= Gx <= u_h,  l_x <= x <= u_x",
MM,MM_029_DUAL2,DUAL2,96,1,1,8920,96,,"min 0.5*x'Qx + q'x + c  s.t.  l_h <= Gx <= u_h,  l_x <= x <= u_x",
MM,MM_030_DUAL3,DUAL3,111,1,1,12105,111,,"min 0.5*x'Qx + q'x + c  s.t.  l_h <= Gx <= u_h,  l_x <= x <= u_x",
MM,MM_031_DUAL4,DUAL4,75,1,1,5523,75,,"min 0.5*x'Qx + q'x + c  s.t.  l_h <= Gx <= u_h,  l_x <= x <= u_x",
MM,MM_032_DUALC1,DUALC1,9,215,1,81,1935,,"min 0.5*x'Qx + q'x + c  s.t.  l_h <= Gx <= u_h,  l_x <= x <= u_x",
MM,MM_033_DUALC2,DUALC2,7,229,1,49,1603,,"min 0.5*x'Qx + q'x + c  s.t.  l_h <= Gx <= u_h,  l_x <= x <= u_x",
MM,MM_034_DUALC5,DUALC5,8,278,1,64,2224,,"min 0.5*x'Qx + q'x + c  s.t.  l_h <= Gx <= u_h,  l_x <= x <= u_x",
MM,MM_035_DUALC8,DUALC8,8,503,1,64,4024,,"min 0.5*x'Qx + q'x + c  s.t.  l_h <= Gx <= u_h,  l_x <= x <= u_x",
MM,MM_036_EXDATA,EXDATA,3000,3001,1,2250000,7500,,"min 0.5*x'Qx + q'x + c  s.t.  l_h <= Gx <= u_h,  l_x <= x <= u_x",
MM,MM_037_GENHS28,GENHS28,10,8,8,28,24,,"min 0.5*x'Qx + q'x + c  s.t.  l_h <= Gx <= u_h,  l_x <= x <= u_x",
MM,MM_038_GOULDQP2,GOULDQP2,699,349,349,1045,1047,,"min 0.5*x'Qx + q'x + c  s.t.  l_h <= Gx <= u_h,  l_x <= x <= u_x",
MM,MM_039_GOULDQP3,GOULDQP3,699,349,349,2092,1047,,"min 0.5*x'Qx + q'x + c  s.t.  l_h <= Gx <= u_h,  l_x <= x <= u_x",
MM,MM_040_HS118,HS118,15,17,0,15,39,,"min 0.5*x'Qx + q'x + c  s.t.  l_h <= Gx <= u_h,  l_x <= x <= u_x",
MM,MM_041_HS21,HS21,2,1,0,2,2,,"min 0.5*x'Qx + q'x + c  s.t.  l_h <= Gx <= u_h,  l_x <= x <= u_x",
MM,MM_042_HS268,HS268,5,5,0,25,25,,"min 0.5*x'Qx + q'x + c  s.t.  l_h <= Gx <= u_h,  l_x <= x <= u_x",
MM,MM_043_HS35,HS35,3,1,0,7,3,,"min 0.5*x'Qx + q'x + c  s.t.  l_h <= Gx <= u_h,  l_x <= x <= u_x",
MM,MM_044_HS35MOD,HS35MOD,3,1,0,7,3,,"min 0.5*x'Qx + q'x + c  s.t.  l_h <= Gx <= u_h,  l_x <= x <= u_x",
MM,MM_045_HS51,HS51,5,3,3,9,7,,"min 0.5*x'Qx + q'x + c  s.t.  l_h <= Gx <= u_h,  l_x <= x <= u_x",
MM,MM_046_HS52,HS52,5,3,3,9,7,,"min 0.5*x'Qx + q'x + c  s.t.  l_h <= Gx <= u_h,  l_x <= x <= u_x",
MM,MM_047_HS53,HS53,5,3,3,9,7,,"min 0.5*x'Qx + q'x + c  s.t.  l_h <= Gx <= u_h,  l_x <= x <= u_x",
MM,MM_048_HS76,HS76,4,3,0,8,10,,"min 0.5*x'Qx + q'x + c  s.t.  l_h <= Gx <= u_h,  l_x <= x <= u_x",
MM,MM_049_HUES-MOD,HUES-MOD,10000,2,2,10000,19968,,"min 0.5*x'Qx + q'x + c  s.t.  l_h <= Gx <= u_h,  l_x <= x <= u_x",
MM,MM_050_HUESTIS,HUESTIS,10000,2,2,10000,19968,,"min 0.5*x'Qx + q'x + c  s.t.  l_h <= Gx <= u_h,  l_x <= x <= u_x",
MM,MM_051_KSIP,KSIP,20,1001,0,20,18851,,"min 0.5*x'Qx + q'x + c  s.t.  l_h <= Gx <= u_h,  l_x <= x <= u_x",
MM,MM_052_LASER,LASER,1002,1000,0,5430,3000,,"min 0.5*x'Qx + q'x + c  s.t.  l_h <= Gx <= u_h,  l_x <= x <= u_x",
MM,MM_053_LISWET1,LISWET1,10002,10000,0,10002,30000,,"min 0.5*x'Qx + q'x + c  s.t.  l_h <= Gx <= u_h,  l_x <= x <= u_x",
MM,MM_054_LISWET10,LISWET10,10002,10000,0,10002,30000,,"min 0.5*x'Qx + q'x + c  s.t.  l_h <= Gx <= u_h,  l_x <= x <= u_x",
MM,MM_055_LISWET11,LISWET11,10002,10000,0,10002,30000,,"min 0.5*x'Qx + q'x + c  s.t.  l_h <= Gx <= u_h,  l_x <= x <= u_x",
MM,MM_056_LISWET12,LISWET12,10002,10000,0,10002,30000,,"min 0.5*x'Qx + q'x + c  s.t.  l_h <= Gx <= u_h,  l_x <= x <= u_x",
MM,MM_057_LISWET2,LISWET2,10002,10000,0,10002,30000,,"min 0.5*x'Qx + q'x + c  s.t.  l_h <= Gx <= u_h,  l_x <= x <= u_x",
MM,MM_058_LISWET3,LISWET3,10002,10000,0,10002,30000,,"min 0.5*x'Qx + q'x + c  s.t.  l_h <= Gx <= u_h,  l_x <= x <= u_x",
MM,MM_059_LISWET4,LISWET4,10002,10000,0,10002,30000,,"min 0.5*x'Qx + q'x + c  s.t.  l_h <= Gx <= u_h,  l_x <= x <= u_x",
MM,MM_060_LISWET5,LISWET5,10002,10000,0,10002,30000,,"min 0.5*x'Qx + q'x + c  s.t.  l_h <= Gx <= u_h,  l_x <= x <= u_x",
MM,MM_061_LISWET6,LISWET6,10002,10000,0,10002,30000,,"min 0.5*x'Qx + q'x + c  s.t.  l_h <= Gx <= u_h,  l_x <= x <= u_x",
MM,MM_062_LISWET7,LISWET7,10002,10000,0,10002,30000,,"min 0.5*x'Qx + q'x + c  s.t.  l_h <= Gx <= u_h,  l_x <= x <= u_x",
MM,MM_063_LISWET8,LISWET8,10002,10000,0,10002,30000,,"min 0.5*x'Qx + q'x + c  s.t.  l_h <= Gx <= u_h,  l_x <= x <= u_x",
MM,MM_064_LISWET9,LISWET9,10002,10000,0,10002,30000,,"min 0.5*x'Qx + q'x + c  s.t.  l_h <= Gx <= u_h,  l_x <= x <= u_x",
MM,MM_065_LOTSCHD,LOTSCHD,12,7,7,6,54,,"min 0.5*x'Qx + q'x + c  s.t.  l_h <= Gx <= u_h,  l_x <= x <= u_x",
MM,MM_066_MOSARQP1,MOSARQP1,2500,700,0,2590,3422,,"min 0.5*x'Qx + q'x + c  s.t.  l_h <= Gx <= u_h,  l_x <= x <= u_x",
MM,MM_067_MOSARQP2,MOSARQP2,900,600,0,990,2930,,"min 0.5*x'Qx + q'x + c  s.t.  l_h <= Gx <= u_h,  l_x <= x <= u_x",
MM,MM_068_POWELL20,POWELL20,10000,10000,0,10000,20000,,"min 0.5*x'Qx + q'x + c  s.t.  l_h <= Gx <= u_h,  l_x <= x <= u_x",
MM,MM_069_PRIMAL1,PRIMAL1,325,85,0,324,5815,,"min 0.5*x'Qx + q'x + c  s.t.  l_h <= Gx <= u_h,  l_x <= x <= u_x",
MM,MM_070_PRIMAL2,PRIMAL2,649,96,0,648,8042,,"min 0.5*x'Qx + q'x + c  s.t.  l_h <= Gx <= u_h,  l_x <= x <= u_x",
MM,MM_071_PRIMAL3,PRIMAL3,745,111,0,744,21547,,"min 0.5*x'Qx + q'x + c  s.t.  l_h <= Gx <= u_h,  l_x <= x <= u_x",
MM,MM_072_PRIMAL4,PRIMAL4,1489,75,0,1488,16031,,"min 0.5*x'Qx + q'x + c  s.t.  l_h <= Gx <= u_h,  l_x <= x <= u_x",
MM,MM_073_PRIMALC1,PRIMALC1,230,9,0,229,2070,,"min 0.5*x'Qx + q'x + c  s.t.  l_h <= Gx <= u_h,  l_x <= x <= u_x",
MM,MM_074_PRIMALC2,PRIMALC2,231,7,0,230,1617,,"min 0.5*x'Qx + q'x + c  s.t.  l_h <= Gx <= u_h,  l_x <= x <= u_x",
MM,MM_075_PRIMALC5,PRIMALC5,287,8,0,286,2296,,"min 0.5*x'Qx + q'x + c  s.t.  l_h <= Gx <= u_h,  l_x <= x <= u_x",
MM,MM_076_PRIMALC8,PRIMALC8,520,8,0,519,4160,,"min 0.5*x'Qx + q'x + c  s.t.  l_h <= Gx <= u_h,  l_x <= x <= u_x",
MM,MM_077_Q25FV47,Q25FV47,1571,820,515,118552,10400,,"min 0.5*x'Qx + q'x + c  s.t.  l_h <= Gx <= u_h,  l_x <= x <= u_x",
MM,MM_078_QADLITTL,QADLITTL,97,56,15,157,383,,"min 0.5*x'Qx + q'x + c  s.t.  l_h <= Gx <= u_h,  l_x <= x <= u_x",
MM,MM_079_QAFIRO,QAFIRO,32,27,8,9,83,,"min 0.5*x'Qx + q'x + c  s.t.  l_h <= Gx <= u_h,  l_x <= x <= u_x",
MM,MM_080_QBANDM,QBANDM,472,305,305,57,2494,,"min 0.5*x'Qx + q'x + c  s.t.  l_h <= Gx <= u_h,  l_x <= x <= u_x",
MM,MM_081_QBEACONF,QBEACONF,262,173,140,36,3375,,"min 0.5*x'Qx + q'x + c  s.t.  l_h <= Gx <= u_h,  l_x <= x <= u_x",
MM,MM_082_QBORE3D,QBORE3D,315,233,214,128,1429,,"min 0.5*x'Qx + q'x + c  s.t.  l_h <= Gx <= u_h,  l_x <= x <= u_x",
MM,MM_083_QBRANDY,QBRANDY,249,220,166,114,2148,,"min 0.5*x'Qx + q'x + c  s.t.  l_h <= Gx <= u_h,  l_x <= x <= u_x",
MM,MM_084_QCAPRI,QCAPRI,353,271,142,1732,1767,,"min 0.5*x'Qx + q'x + c  s.t.  l_h <= Gx <= u_h,  l_x <= x <= u_x",
MM,MM_085_QE226,QE226,282,223,33,1861,2578,,"min 0.5*x'Qx + q'x + c  s.t.  l_h <= Gx <= u_h,  l_x <= x <= u_x",
MM,MM_086_QETAMACR,QETAMACR,688,400,272,8516,2409,,"min 0.5*x'Qx + q'x + c  s.t.  l_h <= Gx <= u_h,  l_x <= x <= u_x",
MM,MM_087_QFFFFF80,QFFFFF80,854,524,350,3554,6227,,"min 0.5*x'Qx + q'x + c  s.t.  l_h <= Gx <= u_h,  l_x <= x <= u_x",
MM,MM_088_QFORPLAN,QFORPLAN,421,161,90,1128,4563,,"min 0.5*x'Qx + q'x + c  s.t.  l_h <= Gx <= u_h,  l_x <= x <= u_x",
MM,MM_089_QGFRDXPN,QGFRDXPN,1092,616,548,270,2377,,"min 0.5*x'Qx + q'x + c  s.t.  l_h <= Gx <= u_h,  l_x <= x <= u_x",
MM,MM_090_QGROW15,QGROW15,645,300,300,962,5620,,"min 0.5*x'Qx + q'x + c  s.t.  l_h <= Gx <= u_h,  l_x <= x <= u_x",
MM,MM_091_QGROW22,QGROW22,946,440,440,1639,8252,,"min 0.5*x'Qx + q'x + c  s.t.  l_h <= Gx <= u_h,  l_x <= x <= u_x",
MM,MM_092_QGROW7,QGROW7,301,140,140,684,2612,,"min 0.5*x'Qx + q'x + c  s.t.  l_h <= Gx <= u_h,  l_x <= x <= u_x",
MM,MM_093_QISRAEL,QISRAEL,142,174,0,1354,2269,,"min 0.5*x'Qx + q'x + c  s.t.  l_h <= Gx <= u_h,  l_x <= x <= u_x",
MM,MM_094_QPCBLEND,QPCBLEND,83,74,43,83,491,,"min 0.5*x'Qx + q'x + c  s.t.  l_h <= Gx <= u_h,  l_x <= x <= u_x",
MM,MM_095_QPCBOEI1,QPCBOEI1,384,351,9,384,3485,,"min 0.5*x'Qx + q'x + c  s.t.  l_h <= Gx <= u_h,  l_x <= x <= u_x",
MM,MM_096_QPCBOEI2,QPCBOEI2,143,166,4,143,1196,,"min 0.5*x'Qx + q'x + c  s.t.  l_h <= Gx <= u_h,  l_x <= x <= u_x",
MM,MM_097_QPCSTAIR,QPCSTAIR,467,356,209,467,3856,,"min 0.5*x'Qx + q'x + c  s.t.  l_h <= Gx <= u_h,  l_x <= x <= u_x",
MM,MM_098_QPILOTNO,QPILOTNO,2172,975,701,876,13057,,"min 0.5*x'Qx + q'x + c  s.t.  l_h <= Gx <= u_h,  l_x <= x <= u_x",
MM,MM_099_QPTEST,QPTEST,2,2,0,4,4,,"min 0.5*x'Qx + q'x + c  s.t.  l_h <= Gx <= u_h,  l_x <= x <= u_x",
MM,MM_100_QRECIPE,QRECIPE,180,91,67,80,663,,"min 0.5*x'Qx + q'x + c  s.t.  l_h <= Gx <= u_h,  l_x <= x <= u_x",
MM,MM_101_QSC205,QSC205,203,205,91,31,551,,"min 0.5*x'Qx + q'x + c  s.t.  l_h <= Gx <= u_h,  l_x <= x <= u_x",
MM,MM_102_QSCAGR25,QSCAGR25,500,471,300,228,1554,,"min 0.5*x'Qx + q'x + c  s.t.  l_h <= Gx <= u_h,  l_x <= x <= u_x",
MM,MM_103_QSCAGR7,QSCAGR7,140,129,84,42,420,,"min 0.5*x'Qx + q'x + c  s.t.  l_h <= Gx <= u_h,  l_x <= x <= u_x",
MM,MM_104_QSCFXM1,QSCFXM1,457,330,187,1410,2589,,"min 0.5*x'Qx + q'x + c  s.t.  l_h <= Gx <= u_h,  l_x <= x <= u_x",
MM,MM_105_QSCFXM2,QSCFXM2,914,660,374,2188,5183,,"min 0.5*x'Qx + q'x + c  s.t.  l_h <= Gx <= u_h,  l_x <= x <= u_x",
MM,MM_106_QSCFXM3,QSCFXM3,1371,990,561,2353,7777,,"min 0.5*x'Qx + q'x + c  s.t.  l_h <= Gx <= u_h,  l_x <= x <= u_x",
MM,MM_107_QSCORPIO,QSCORPIO,358,388,280,58,1426,,"min 0.5*x'Qx + q'x + c  s.t.  l_h <= Gx <= u_h,  l_x <= x <= u_x",
MM,MM_108_QSCRS8,QSCRS8,1169,490,384,209,3182,,"min 0.5*x'Qx + q'x + c  s.t.  l_h <= Gx <= u_h,  l_x <= x <= u_x",
MM,MM_109_QSCSD1,QSCSD1,760,77,77,1436,2388,,"min 0.5*x'Qx + q'x + c  s.t.  l_h <= Gx <= u_h,  l_x <= x <= u_x",
MM,MM_110_QSCSD6,QSCSD6,1350,147,147,2712,4316,,"min 0.5*x'Qx + q'x + c  s.t.  l_h <= Gx <= u_h,  l_x <= x <= u_x",
MM,MM_111_QSCSD8,QSCSD8,2750,397,397,4880,8584,,"min 0.5*x'Qx + q'x + c  s.t.  l_h <= Gx <= u_h,  l_x <= x <= u_x",
MM,MM_112_QSCTAP1,QSCTAP1,480,300,120,270,1692,,"min 0.5*x'Qx + q'x + c  s.t.  l_h <= Gx <= u_h,  l_x <= x <= u_x",
MM,MM_113_QSCTAP2,QSCTAP2,1880,1090,470,1413,6714,,"min 0.5*x'Qx + q'x + c  s.t.  l_h <= Gx <= u_h,  l_x <= x <= u_x",
MM,MM_114_QSCTAP3,QSCTAP3,2480,1480,620,1908,8874,,"min 0.5*x'Qx + q'x + c  s.t.  l_h <= Gx <= u_h,  l_x <= x <= u_x",
MM,MM_115_QSEBA,QSEBA,1028,515,507,1196,4352,,"min 0.5*x'Qx + q'x + c  s.t.  l_h <= Gx <= u_h,  l_x <= x <= u_x",
MM,MM_116_QSHARE1B,QSHARE1B,225,117,89,60,1151,,"min 0.5*x'Qx + q'x + c  s.t.  l_h <= Gx <= u_h,  l_x <= x <= u_x",
MM,MM_117_QSHARE2B,QSHARE2B,79,96,13,100,694,,"min 0.5*x'Qx + q'x + c  s.t.  l_h <= Gx <= u_h,  l_x <= x <= u_x",
MM,MM_118_QSHELL,QSHELL,1775,536,534,69175,3556,,"min 0.5*x'Qx + q'x + c  s.t.  l_h <= Gx <= u_h,  l_x <= x <= u_x",
MM,MM_119_QSHIP04L,QSHIP04L,2118,402,354,98,6332,,"min 0.5*x'Qx + q'x + c  s.t.  l_h <= Gx <= u_h,  l_x <= x <= u_x",
MM,MM_120_QSHIP04S,QSHIP04S,1458,402,354,98,4352,,"min 0.5*x'Qx + q'x + c  s.t.  l_h <= Gx <= u_h,  l_x <= x <= u_x",
MM,MM_121_QSHIP08L,QSHIP08L,4283,778,698,68990,12802,,"min 0.5*x'Qx + q'x + c  s.t.  l_h <= Gx <= u_h,  l_x <= x <= u_x",
MM,MM_122_QSHIP08S,QSHIP08S,2387,778,698,22816,7114,,"min 0.5*x'Qx + q'x + c  s.t.  l_h <= Gx <= u_h,  l_x <= x <= u_x",
MM,MM_123_QSHIP12L,QSHIP12L,5427,1151,1045,122433,16170,,"min 0.5*x'Qx + q'x + c  s.t.  l_h <= Gx <= u_h,  l_x <= x <= u_x",
MM,MM_124_QSHIP12S,QSHIP12S,2763,1151,1045,33764,8178,,"min 0.5*x'Qx + q'x + c  s.t.  l_h <= Gx <= u_h,  l_x <= x <= u_x",
MM,MM_125_QSIERRA,QSIERRA,2036,1227,528,244,7302,,"min 0.5*x'Qx + q'x + c  s.t.  l_h <= Gx <= u_h,  l_x <= x <= u_x",
MM,MM_126_QSTAIR,QSTAIR,467,356,209,1970,3856,,"min 0.5*x'Qx + q'x + c  s.t.  l_h <= Gx <= u_h,  l_x <= x <= u_x",
MM,MM_127_QSTANDAT,QSTANDAT,1075,359,160,1470,3031,,"min 0.5*x'Qx + q'x + c  s.t.  l_h <= Gx <= u_h,  l_x <= x <= u_x",
MM,MM_128_S268,S268,5,5,0,25,25,,"min 0.5*x'Qx + q'x + c  s.t.  l_h <= Gx <= u_h,  l_x <= x <= u_x",
MM,MM_129_STADAT1,STADAT1,2001,3999,0,2000,9997,,"min 0.5*x'Qx + q'x + c  s.t.  l_h <= Gx <= u_h,  l_x <= x <= u_x",
MM,MM_130_STADAT2,STADAT2,2001,3999,0,2000,9997,,"min 0.5*x'Qx + q'x + c  s.t.  l_h <= Gx <= u_h,  l_x <= x <= u_x",
MM,MM_131_STADAT3,STADAT3,4001,7999,0,4000,19997,,"min 0.5*x'Qx + q'x + c  s.t.  l_h <= Gx <= u_h,  l_x <= x <= u_x",
MM,MM_132_STCQP1,STCQP1,4097,2052,2052,49109,13338,,"min 0.5*x'Qx + q'x + c  s.t.  l_h <= Gx <= u_h,  l_x <= x <= u_x",
MM,MM_133_STCQP2,STCQP2,4097,2052,2052,49109,13338,,"min 0.5*x'Qx + q'x + c  s.t.  l_h <= Gx <= u_h,  l_x <= x <= u_x",
MM,MM_134_TAME,TAME,2,1,1,4,2,,"min 0.5*x'Qx + q'x + c  s.t.  l_h <= Gx <= u_h,  l_x <= x <= u_x",
MM,MM_135_UBH1,UBH1,18009,12000,12000,6003,48000,,"min 0.5*x'Qx + q'x + c  s.t.  l_h <= Gx <= u_h,  l_x <= x <= u_x",
MM,MM_136_YAO,YAO,2002,2000,0,2002,6000,,"min 0.5*x'Qx + q'x + c  s.t.  l_h <= Gx <= u_h,  l_x <= x <= u_x",
MM,MM_137_ZECEVIC2,ZECEVIC2,2,2,0,1,4,,"min 0.5*x'Qx + q'x + c  s.t.  l_h <= Gx <= u_h,  l_x <= x <= u_x",
IMRT_lung,IMRT_lung_001,PortPy Lung_Patient_2,67514,685629,0,6177378,22639217,Lung_2Gy_30Fx,min 0.5*x'Qx + q'x + c  s.t.  Gx <= h,
IMRT_lung,IMRT_lung_002,PortPy Lung_Patient_3,16860,469113,0,2450882,14020449,Lung_2Gy_30Fx,min 0.5*x'Qx + q'x + c  s.t.  Gx <= h,
IMRT_lung,IMRT_lung_003,PortPy Lung_Patient_4,31360,549246,0,4880222,22705328,Lung_2Gy_30Fx,min 0.5*x'Qx + q'x + c  s.t.  Gx <= h,
IMRT_lung,IMRT_lung_004,PortPy Lung_Patient_5,32250,818478,0,5947114,32849573,Lung_2Gy_30Fx,min 0.5*x'Qx + q'x + c  s.t.  Gx <= h,
IMRT_lung,IMRT_lung_005,PortPy Lung_Patient_6,9574,385218,0,1607432,13436133,Lung_2Gy_30Fx,min 0.5*x'Qx + q'x + c  s.t.  Gx <= h,
IMRT_lung,IMRT_lung_006,PortPy Lung_Patient_7,18157,369579,0,2721989,12196140,Lung_2Gy_30Fx,min 0.5*x'Qx + q'x + c  s.t.  Gx <= h,
IMRT_lung,IMRT_lung_007,PortPy Lung_Patient_8,59118,883427,0,10076794,39687228,Lung_2Gy_30Fx,min 0.5*x'Qx + q'x + c  s.t.  Gx <= h,
IMRT_lung,IMRT_lung_008,PortPy Lung_Patient_9,18802,553973,0,3338566,19698935,Lung_2Gy_30Fx,min 0.5*x'Qx + q'x + c  s.t.  Gx <= h,
IMRT_lung,IMRT_lung_009,PortPy Lung_Patient_10,29876,539911,0,4590470,20025439,Lung_2Gy_30Fx,min 0.5*x'Qx + q'x + c  s.t.  Gx <= h,
IMRT_lung,IMRT_lung_010,PortPy Lung_Patient_11,33721,576333,0,4242699,21950167,Lung_2Gy_30Fx,min 0.5*x'Qx + q'x + c  s.t.  Gx <= h,
IMRT_lung,IMRT_lung_011,PortPy Lung_Patient_12,59438,844179,0,13397916,51750180,Lung_2Gy_30Fx,min 0.5*x'Qx + q'x + c  s.t.  Gx <= h,
IMRT_lung,IMRT_lung_012,PortPy Lung_Patient_14,34594,541992,0,3753816,22216224,Lung_2Gy_30Fx,min 0.5*x'Qx + q'x + c  s.t.  Gx <= h,
IMRT_lung,IMRT_lung_013,PortPy Lung_Patient_15,113946,1171644,0,12551032,60468838,Lung_2Gy_30Fx,min 0.5*x'Qx + q'x + c  s.t.  Gx <= h,
IMRT_lung,IMRT_lung_014,PortPy Lung_Patient_16,12120,337924,0,1344038,11204125,Lung_2Gy_30Fx,min 0.5*x'Qx + q'x + c  s.t.  Gx <= h,
IMRT_lung,IMRT_lung_015,PortPy Lung_Patient_17,36620,360491,0,4833150,17888682,Lung_2Gy_30Fx,min 0.5*x'Qx + q'x + c  s.t.  Gx <= h,
IMRT_lung,IMRT_lung_016,PortPy Lung_Patient_18,15006,284893,0,1631172,11448092,Lung_2Gy_30Fx,min 0.5*x'Qx + q'x + c  s.t.  Gx <= h,
IMRT_lung,IMRT_lung_017,PortPy Lung_Patient_19,36946,671774,0,4418674,26721883,Lung_2Gy_30Fx,min 0.5*x'Qx + q'x + c  s.t.  Gx <= h,
IMRT_lung,IMRT_lung_018,PortPy Lung_Patient_20,23416,465543,0,2834178,20107097,Lung_2Gy_30Fx,min 0.5*x'Qx + q'x + c  s.t.  Gx <= h,
IMRT_lung,IMRT_lung_019,PortPy Lung_Patient_21,64109,926202,0,12389861,50793901,Lung_2Gy_30Fx,min 0.5*x'Qx + q'x + c  s.t.  Gx <= h,
IMRT_lung,IMRT_lung_020,PortPy Lung_Patient_22,33750,465775,0,4352930,23156404,Lung_2Gy_30Fx,min 0.5*x'Qx + q'x + c  s.t.  Gx <= h,
IMRT_lung,IMRT_lung_021,PortPy Lung_Patient_23,7488,278982,0,1213592,9600691,Lung_2Gy_30Fx,min 0.5*x'Qx + q'x + c  s.t.  Gx <= h,
IMRT_lung,IMRT_lung_022,PortPy Lung_Patient_24,67985,708317,0,9185253,33523272,Lung_2Gy_30Fx,min 0.5*x'Qx + q'x + c  s.t.  Gx <= h,
IMRT_lung,IMRT_lung_023,PortPy Lung_Patient_25,45597,655036,0,5815293,26894103,Lung_2Gy_30Fx,min 0.5*x'Qx + q'x + c  s.t.  Gx <= h,
IMRT_lung,IMRT_lung_024,PortPy Lung_Patient_26,64118,895623,0,8588862,40468404,Lung_2Gy_30Fx,min 0.5*x'Qx + q'x + c  s.t.  Gx <= h,
IMRT_lung,IMRT_lung_025,PortPy Lung_Patient_27,37158,556054,0,3812456,21298645,Lung_2Gy_30Fx,min 0.5*x'Qx + q'x + c  s.t.  Gx <= h,
IMRT_lung,IMRT_lung_026,PortPy Lung_Patient_28,27798,491130,0,3672268,19086065,Lung_2Gy_30Fx,min 0.5*x'Qx + q'x + c  s.t.  Gx <= h,
IMRT_lung,IMRT_lung_027,PortPy Lung_Patient_29,16871,400115,0,3467843,21202091,Lung_2Gy_30Fx,min 0.5*x'Qx + q'x + c  s.t.  Gx <= h,
IMRT_lung,IMRT_lung_028,PortPy Lung_Patient_30,11884,392222,0,1346058,11916753,Lung_2Gy_30Fx,min 0.5*x'Qx + q'x + c  s.t.  Gx <= h,
IMRT_lung,IMRT_lung_029,PortPy Lung_Patient_31,20640,394729,0,3035972,16015356,Lung_2Gy_30Fx,min 0.5*x'Qx + q'x + c  s.t.  Gx <= h,
IMRT_lung,IMRT_lung_030,PortPy Lung_Patient_32,8569,349960,0,1335873,11755096,Lung_2Gy_30Fx,min 0.5*x'Qx + q'x + c  s.t.  Gx <= h,
IMRT_lung,IMRT_lung_031,PortPy Lung_Patient_33,6641,240120,0,983077,8504770,Lung_2Gy_30Fx,min 0.5*x'Qx + q'x + c  s.t.  Gx <= h,
IMRT_lung,IMRT_lung_032,PortPy Lung_Patient_34,8951,330156,0,1341255,11626900,Lung_2Gy_30Fx,min 0.5*x'Qx + q'x + c  s.t.  Gx <= h,
IMRT_lung,IMRT_lung_033,PortPy Lung_Patient_36,5225,260393,0,629395,7499928,Lung_2Gy_30Fx,min 0.5*x'Qx + q'x + c  s.t.  Gx <= h,
IMRT_lung,IMRT_lung_034,PortPy Lung_Patient_37,10020,282631,0,1617852,12033174,Lung_2Gy_30Fx,min 0.5*x'Qx + q'x + c  s.t.  Gx <= h,
IMRT_lung,IMRT_lung_035,PortPy Lung_Patient_38,50498,425159,0,5249956,21420642,Lung_2Gy_30Fx,min 0.5*x'Qx + q'x + c  s.t.  Gx <= h,
IMRT_lung,IMRT_lung_036,PortPy Lung_Patient_39,18085,404284,0,2429075,17019678,Lung_2Gy_30Fx,min 0.5*x'Qx + q'x + c  s.t.  Gx <= h,
IMRT_lung,IMRT_lung_037,PortPy Lung_Patient_40,28922,445860,0,2900656,18501416,Lung_2Gy_30Fx,min 0.5*x'Qx + q'x + c  s.t.  Gx <= h,
IMRT_lung,IMRT_lung_038,PortPy Lung_Patient_41,44428,574446,0,4919470,22981799,Lung_2Gy_30Fx,min 0.5*x'Qx + q'x + c  s.t.  Gx <= h,
IMRT_lung,IMRT_lung_039,PortPy Lung_Patient_42,6597,271929,0,759611,7911016,Lung_2Gy_30Fx,min 0.5*x'Qx + q'x + c  s.t.  Gx <= h,
IMRT_lung,IMRT_lung_040,PortPy Lung_Patient_43,19999,395260,0,2732013,16364659,Lung_2Gy_30Fx,min 0.5*x'Qx + q'x + c  s.t.  Gx <= h,
IMRT_lung,IMRT_lung_041,PortPy Lung_Patient_44,10485,370594,0,1169279,9833936,Lung_2Gy_30Fx,min 0.5*x'Qx + q'x + c  s.t.  Gx <= h,
IMRT_lung,IMRT_lung_042,PortPy Lung_Patient_45,6218,242729,0,768466,8229112,Lung_2Gy_30Fx,min 0.5*x'Qx + q'x + c  s.t.  Gx <= h,
IMRT_lung,IMRT_lung_043,PortPy Lung_Patient_46,6737,308585,0,783945,8131322,Lung_2Gy_30Fx,min 0.5*x'Qx + q'x + c  s.t.  Gx <= h,
IMRT_lung,IMRT_lung_044,PortPy Lung_Patient_47,31036,471346,0,3195266,17628506,Lung_2Gy_30Fx,min 0.5*x'Qx + q'x + c  s.t.  Gx <= h,
IMRT_lung,IMRT_lung_045,PortPy Lung_Patient_48,10881,421666,0,1264531,12300252,Lung_2Gy_30Fx,min 0.5*x'Qx + q'x + c  s.t.  Gx <= h,
IMRT_lung,IMRT_lung_046,PortPy Lung_Patient_49,15195,415706,0,2546677,16457484,Lung_2Gy_30Fx,min 0.5*x'Qx + q'x + c  s.t.  Gx <= h,
IMRT_lung,IMRT_lung_047,PortPy Lung_Patient_50,13505,458607,0,2280287,16504011,Lung_2Gy_30Fx,min 0.5*x'Qx + q'x + c  s.t.  Gx <= h,
IMRT_lung,IMRT_lung_048,PortPy Lung_Patient_51,3725,194262,0,522329,5494209,Lung_2Gy_30Fx,min 0.5*x'Qx + q'x + c  s.t.  Gx <= h,
IMRT_lung,IMRT_lung_049,PortPy Lung_Patient_52,9545,250219,0,1086551,9027918,Lung_2Gy_30Fx,min 0.5*x'Qx + q'x + c  s.t.  Gx <= h,
IMRT_lung,IMRT_lung_050,PortPy Lung_Patient_53,5981,215580,0,640085,6008426,Lung_2Gy_30Fx,min 0.5*x'Qx + q'x + c  s.t.  Gx <= h,
IMRT_lung,IMRT_lung_051,PortPy Lung_Patient_54,14379,292776,0,2198717,12355415,Lung_2Gy_30Fx,min 0.5*x'Qx + q'x + c  s.t.  Gx <= h,
IMRT_lung,IMRT_lung_052,PortPy Lung_Patient_55,8499,192912,0,1309625,7541295,Lung_2Gy_30Fx,min 0.5*x'Qx + q'x + c  s.t.  Gx <= h,
IMRT_lung,IMRT_lung_053,PortPy Lung_Patient_56,8228,289883,0,1261482,8578810,Lung_2Gy_30Fx,min 0.5*x'Qx + q'x + c  s.t.  Gx <= h,
IMRT_lung,IMRT_lung_054,PortPy Lung_Patient_57,8478,281558,0,1177120,6669875,Lung_2Gy_30Fx,min 0.5*x'Qx + q'x + c  s.t.  Gx <= h,
IMRT_lung,IMRT_lung_055,PortPy Lung_Patient_58,13831,416953,0,2023995,11681696,Lung_2Gy_30Fx,min 0.5*x'Qx + q'x + c  s.t.  Gx <= h,
IMRT_lung,IMRT_lung_056,PortPy Lung_Patient_59,6545,193115,0,988475,5982528,Lung_2Gy_30Fx,min 0.5*x'Qx + q'x + c  s.t.  Gx <= h,
IMRT_lung,IMRT_lung_057,PortPy Lung_Patient_60,10863,302441,0,1542543,8718021,Lung_2Gy_30Fx,min 0.5*x'Qx + q'x + c  s.t.  Gx <= h,
IMRT_lung,IMRT_lung_058,PortPy Lung_Patient_61,10583,352235,0,1536469,12553678,Lung_2Gy_30Fx,min 0.5*x'Qx + q'x + c  s.t.  Gx <= h,
IMRT_lung,IMRT_lung_059,PortPy Lung_Patient_62,22921,289539,0,3785615,15442045,Lung_2Gy_30Fx,min 0.5*x'Qx + q'x + c  s.t.  Gx <= h,
IMRT_lung,IMRT_lung_060,PortPy Lung_Patient_63,5399,204388,0,833287,6137058,Lung_2Gy_30Fx,min 0.5*x'Qx + q'x + c  s.t.  Gx <= h,
