Problem,Warm-IP_time,Warm-IP_iters,Warm-IP_stop,Warm-IP_obj,Warm-IP_primal_res,Warm-IP_dual_res,Warm-IP_dual_gap,Warm-IP_kkt_max,IP_time,IP_iters,IP_stop,IP_obj,IP_primal_res,IP_dual_res,IP_dual_gap,IP_kkt_max,PIQP_time,PIQP_obj,PIQP_primal_res,PIQP_dual_res,PIQP_dual_gap,PIQP_kkt_max,MOSEK_time,MOSEK_obj,MOSEK_primal_res,MOSEK_dual_res,MOSEK_dual_gap,MOSEK_kkt_max,Clarabel_time,Clarabel_obj,Clarabel_primal_res,Clarabel_dual_res,Clarabel_dual_gap,Clarabel_kkt_max,OSQP_time,OSQP_obj,OSQP_primal_res,OSQP_dual_res,OSQP_dual_gap,OSQP_kkt_max,Gurobi_time,Gurobi_obj,Gurobi_primal_res,Gurobi_dual_res,Gurobi_dual_gap,Gurobi_kkt_max,PIQP_error,Clarabel_error
IMRT_lung_001,87.49873375892639,24,converged,87.54962017475579,0.0,3.4686180616717946e-12,9.366985289042648e-07,9.366985289042648e-07,105.5669732093811,32,converged,87.54961656593645,0.0,4.263236920162174e-12,8.362770405729435e-07,8.362770405729435e-07,1620.770789384842,87.54958650855241,0.0,3.499758128427444e-07,9.731503944494813e-09,3.499758128427444e-07,109.76656794548036,87.75834384737408,0.0,2.861290804950088e-06,8.390423146635781e-05,8.390423146635781e-05,1083.98481631279,87.54960891925887,0.0,3.7655014133930487e-11,9.776347750915975e-07,9.776347750915975e-07,513.6392014026642,87.64498449841074,0.0039527287304395,6.707066122402166e-05,0.0029273753897256,0.0039527287304395,255.48576340009456,87.54959367656349,0.0,4.648123356695801e-07,1.8522663274578925e-07,4.648123356695801e-07,,
IMRT_lung_002,29.448105096817017,25,converged,53.22281314897028,0.0,3.776350822755019e-11,7.705252072911886e-07,7.705252072911886e-07,35.65218639373779,33,converged,53.22281140966945,0.0,2.9139316044082906e-11,3.49500061572131e-07,3.49500061572131e-07,133.15883779525757,53.22280486020385,0.0,1.503040945823763e-07,1.890557346892895e-09,1.503040945823763e-07,33.04804182052612,53.29611415521149,0.0,5.4753175164977184e-05,0.0002185871320329,0.0002185871320329,905.2479133605956,53.2228072916387,0.0,1.1009179913410487e-11,1.935764105974456e-07,1.935764105974456e-07,221.5892698764801,53.22125684005289,0.000499845245527,1.062948240705518e-06,2.7776975342149245e-05,0.000499845245527,96.56038809998428,53.222816877475765,0.0,3.600534764316681e-07,4.869328843674784e-07,4.869328843674784e-07,,
IMRT_lung_003,56.79242944717407,24,converged,89.8973030557863,0.0,1.9672695246713652e-11,4.60497313066349e-07,4.60497313066349e-07,80.41208004951477,37,converged,89.89729946960713,0.0,2.6637313325192488e-11,3.682028502475724e-07,3.682028502475724e-07,450.3128416538239,89.89728844140112,0.0,5.057259792529231e-07,3.747474404405433e-08,5.057259792529231e-07,65.06004595756531,90.00720412588377,2.285613509701507e-08,1.6383857786278933e-05,0.0003865706535142,0.0003865706535142,1643.7772397994995,89.89729342423941,0.0,1.8155988564476879e-12,2.772142717827735e-07,2.772142717827735e-07,370.8166961669922,89.940586819523,0.0026263794875188,1.7788830143602863e-05,0.000905251442905,0.0026263794875188,213.00354860001244,89.89729321856001,0.0,1.5877723245852944e-07,1.5206950164021577e-07,1.5877723245852944e-07,,
IMRT_lung_004,73.51922130584717,23,converged,79.98087170489286,0.0,1.6141868118960128e-11,2.865511860794088e-07,2.865511860794088e-07,93.67821025848389,32,converged,79.98087420044146,0.0,1.423093515300857e-11,3.724669961093725e-07,3.724669961093725e-07,,,,,,,83.37653422355652,80.05131385946113,0.0,3.130881327447068e-07,9.88753001766573e-07,9.88753001766573e-07,2498.018052339554,79.98087484871401,0.0,6.708727678047519e-11,6.695142049697649e-07,6.695142049697649e-07,531.4931514263153,81.14325398605921,0.0070860922094052,0.0003375350621898,0.0611751843316262,0.0611751843316262,250.0148501000367,79.98087591056205,0.0,4.033374538402786e-07,3.712814918361818e-07,4.033374538402786e-07,"solver process died (exit code 3221225477), likely a native crash inside the solver library",
IMRT_lung_005,19.302128314971924,20,converged,44.28249176137353,0.0,7.898937261299321e-11,1.281217512485865e-07,1.281217512485865e-07,24.08848524093628,27,converged,44.28250095261333,0.0,2.4277538823197948e-11,6.378344587382674e-07,6.378344587382674e-07,123.8777973651886,44.28248924996451,0.0,4.097668437758165e-07,3.709161217921668e-09,4.097668437758165e-07,28.819860219955444,44.33212356395138,0.0,9.749350930725598e-06,0.0003255472514691,0.0003255472514691,945.2918787002563,44.28249167141787,0.0,2.2763178030175788e-12,2.13707670295018e-07,2.13707670295018e-07,214.3914313316345,44.27061679077047,0.0002317324822439,4.804111985707948e-06,0.0002504115805739,0.0002504115805739,887.5786005000118,44.28250059563656,6.435315312537028e-12,3.019961332181344e-07,5.576759072570539e-07,5.576759072570539e-07,,
IMRT_lung_006,28.83939003944397,23,converged,66.92308348265786,0.0,8.212733387917568e-12,1.888116766175228e-07,1.888116766175228e-07,33.38081884384155,29,converged,66.92308873959443,0.0,6.520276564934456e-12,3.931296738176381e-07,3.931296738176381e-07,119.91019654273988,66.92307857829661,0.0,5.557756248038401e-07,6.497932633715954e-09,5.557756248038401e-07,33.07733631134033,66.95562978088785,0.0,8.633201888201955e-06,5.8438391523532127e-05,5.8438391523532127e-05,606.7673633098602,66.92308422353315,0.0,1.8952438702822475e-11,3.494977268161952e-07,3.494977268161952e-07,197.2145380973816,66.92087936922897,0.0004915929307096,1.7628426821546018e-06,2.828883649503801e-05,0.0004915929307096,81.10382489999756,66.92310313658763,0.0,4.137055998078516e-07,7.950738132813942e-07,7.950738132813942e-07,,
IMRT_lung_007,149.6273226737976,27,converged,120.11789565798652,0.0,2.661770279083788e-11,1.4314184247778377e-07,1.4314184247778377e-07,177.48531103134155,37,converged,120.11789491620048,0.0,2.12548323657934e-11,1.3009980258317446e-07,1.3009980258317446e-07,,,,,,,146.42102456092834,120.31249011443484,0.0,2.084599225931192e-06,0.0002737538414544,0.0002737538414544,1791.520661830902,120.117900904289,0.0,3.5449617965149437e-11,4.172139928102058e-07,4.172139928102058e-07,672.73583984375,125.7757497098381,0.0112425777587321,0.000833114499645,0.2514764991271091,0.2514764991271091,494.7371516000712,120.11791324220891,0.0,4.87644527908204e-07,4.623092820836254e-07,4.87644527908204e-07,"solver process died (exit code 3221225477), likely a native crash inside the solver library",
IMRT_lung_008,33.10502648353577,21,converged,84.76659999606528,0.0,6.510584777252558e-12,2.054953979892682e-07,2.054953979892682e-07,41.13986015319824,29,converged,84.7666009407573,0.0,5.233263182032589e-12,2.349244161773021e-07,2.349244161773021e-07,307.78496980667114,84.76659247716599,0.0,2.608097818236114e-07,1.68311156011528e-09,2.608097818236114e-07,48.66529417037964,84.82980614426896,0.0,0.0002105417669536,6.257805191222172e-06,0.0002105417669536,1302.6151881217957,84.76659763783243,0.0,1.8636405642185035e-12,2.2808655309877242e-07,2.2808655309877242e-07,314.0679748058319,84.76113568787582,0.0006650323517467,7.848422474563983e-06,4.768578199398052e-05,0.0006650323517467,152.11634840001352,84.76660141705915,0.0,3.429688998573874e-07,2.2855781997563362e-07,3.429688998573874e-07,,
IMRT_lung_009,48.699058294296265,23,converged,68.81029933594486,0.0,3.165822401561415e-12,3.740467465076135e-07,3.740467465076135e-07,66.03823590278625,34,converged,68.8102947119513,0.0,3.3531956571602775e-12,2.0936198852732722e-07,2.0936198852732722e-07,328.0492539405823,68.81028859498748,0.0,5.738704865380857e-07,1.2529272643982537e-08,5.738704865380857e-07,58.85309815406799,68.83272807847226,0.0,2.1259062402760082e-07,2.8548591022283365e-07,2.8548591022283365e-07,958.847508907318,68.81030169502274,0.0,7.492977168793422e-12,7.543475900293966e-07,7.543475900293966e-07,328.3650596141815,68.78728227435789,0.0012746358919233,2.564218455990015e-05,0.0001740332527958,0.0012746358919233,175.40207169996577,68.81029374434065,0.0,3.77411178660664e-07,1.7349905613454454e-07,3.77411178660664e-07,,
IMRT_lung_010,57.93969225883484,23,converged,58.62910009096314,0.0,1.3664708691527727e-11,3.060244754762025e-07,3.060244754762025e-07,72.40294456481934,34,converged,58.629096499814224,0.0,2.1249894154960385e-11,1.656954460767367e-07,1.656954460767367e-07,476.0716841220856,58.6290921681142,0.0,3.166454516395225e-07,3.445581544564392e-09,3.166454516395225e-07,59.43723511695862,58.78402108178443,0.0,1.3896832283752015e-05,0.002045813924833,0.002045813924833,805.4634211063385,58.62909635503077,0.0,1.7968571507019468e-12,2.626210959110491e-07,2.626210959110491e-07,364.48846101760864,60.2275609752008,0.0110721715753079,0.0001971905749128,0.0837043423696827,0.0837043423696827,188.39221120008733,58.62909667680512,0.0,4.504213799536458e-07,1.6738144473668438e-07,4.504213799536458e-07,,
IMRT_lung_011,177.90779376029968,24,converged,110.79113243328248,0.0,7.046536418585029e-12,3.153307939413783e-07,3.153307939413783e-07,234.481009721756,37,converged,110.79113907633784,0.0,4.2899651001216535e-12,4.966043720949966e-07,4.966043720949966e-07,,,,,,,222.7796733379364,110.84239592165868,0.0,1.3419572637815356e-06,3.271120642527313e-05,3.271120642527313e-05,,,,,,,862.2286784648895,128.01006783338394,0.0181536200502423,0.0002792888007305,0.7161472195618757,0.7161472195618757,529.5215249999892,110.79112493805614,0.0,4.313837303033007e-07,1.4726079476798085e-07,4.313837303033007e-07,"solver process died (exit code 3221225477), likely a native crash inside the solver library",timed out after 3600 s (terminated)
IMRT_lung_012,59.56584000587464,26,converged,188.46437373976724,0.0,1.3930677270697786e-10,2.603416646778195e-07,2.603416646778195e-07,77.82990860939026,37,converged,188.46436600256908,0.0,1.6194266614930808e-10,1.6905354143228898e-07,1.6905354143228898e-07,490.147262096405,188.464352983472,0.0,3.596125916249512e-07,1.2623128359819829e-08,3.596125916249512e-07,59.2680983543396,188.62835165363683,1.1370422241104188e-07,8.813241780887994e-07,1.8475453033797727e-06,1.8475453033797727e-06,1889.6928219795227,188.4643663319901,0.0,8.587589984983535e-12,2.900033027656635e-07,2.900033027656635e-07,362.2715723514557,190.21176973238028,0.0210261243060497,1.2108011921679293e-05,0.041710264335297,0.041710264335297,194.6075574000133,188.4643960614349,0.0,1.4301337423507257e-07,5.126721012764442e-07,5.126721012764442e-07,,
IMRT_lung_013,277.1811137199402,26,converged,64.34877478463197,0.0,1.3228790764426016e-11,1.5708000398504006e-07,1.5708000398504006e-07,269.72113943099976,30,stalled,3760.200336049047,0.4623271413923603,0.999566553258466,1.0001862090694724,1.0001862090694724,,,,,,,300.17300033569336,64.75067845391587,0.0,1.994476291939122e-05,0.0017048864359438,0.0017048864359438,2690.5359818935394,64.34877367086513,0.0,1.1519632042852773e-12,1.855473657935885e-07,1.855473657935885e-07,1086.575441122055,68.22593150772829,0.0120512393958049,0.0005207319660639,0.3370521229197348,0.3370521229197348,881.1203755000606,64.34877519039455,0.0,7.272312524704358e-07,1.6354266286309138e-07,7.272312524704358e-07,timed out after 3600 s (terminated),
IMRT_lung_014,16.388419151306152,20,converged,59.57717852925888,0.0,3.782808962393223e-12,4.246204581904389e-07,4.246204581904389e-07,21.597092390060425,29,converged,59.57717301711812,0.0,1.2930250626362534e-11,1.8867887301610322e-07,1.8867887301610322e-07,94.58486533164978,59.57716797853461,0.0,9.155344967537518e-09,1.988282540824875e-09,9.155344967537518e-09,23.84345269203186,59.63061732681813,0.0,1.614421421559339e-06,1.7871807134253103e-06,1.7871807134253103e-06,1023.5434668064116,59.577172576777535,0.0,1.6220443253522128e-12,2.8421340453239694e-07,2.8421340453239694e-07,180.44619464874268,59.576432652599735,0.0001334117365334,8.370316513595991e-07,1.0253825554436032e-05,0.0001334117365334,54.93365040002391,59.5771951470116,0.0,2.509192194325024e-07,9.94133895906286e-07,9.94133895906286e-07,,
IMRT_lung_015,55.65515565872192,23,converged,413.09162665732856,0.0,5.13962978611213e-10,8.234573457826386e-07,8.234573457826386e-07,75.36244988441467,34,converged,413.091517052749,0.0,9.137697089082079e-10,1.840010277101505e-07,1.840010277101505e-07,280.48749327659607,413.0914898853671,0.0,8.09811629907325e-07,3.4593990380953977e-08,8.09811629907325e-07,64.7397038936615,413.1754880103832,3.006854538931183e-07,2.007330196909197e-05,6.2131422243140406e-06,2.007330196909197e-05,1320.9629764556885,413.0915546049363,0.0,3.98861685147955e-10,7.110354503750537e-07,7.110354503750537e-07,291.59237480163574,403.7775907756714,0.0051143678717049,2.192669153215884e-05,0.0169456823296406,0.0169456823296406,158.68275280005764,413.0915908689931,0.0,1.587274200543459e-07,5.608065143520843e-07,5.608065143520843e-07,,
IMRT_lung_016,22.41266274452209,23,converged,47.89361732958864,0.0,2.3500775313601878e-11,1.631332267694505e-07,1.631332267694505e-07,27.26327872276306,30,converged,47.89362108234543,0.0,1.2077719667501483e-11,3.4102442887720975e-07,3.4102442887720975e-07,107.26330351829527,47.8936138815422,0.0,3.833972563744372e-07,5.204751673358379e-09,3.833972563744372e-07,26.846354246139526,47.91885158864256,0.0,1.847062180679089e-07,4.582760950408721e-07,4.582760950408721e-07,1248.2748374938965,47.89361902258828,0.0,1.6407590920946285e-12,3.970182998481299e-07,3.970182998481299e-07,183.31002616882324,47.88957886028747,0.001428307506683,8.149732016718957e-06,8.002481514590105e-06,0.001428307506683,62.74827199999709,47.89363298930172,0.0,2.709496314516744e-07,8.691359863901686e-07,8.691359863901686e-07,,
IMRT_lung_017,65.96046352386475,26,converged,107.47293260337509,0.0,5.751470984443326e-12,1.65872330392383e-07,1.65872330392383e-07,79.86204671859741,34,converged,107.47293498143198,0.0,6.9554190067232825e-12,2.152847720113953e-07,2.152847720113953e-07,,,,,,,68.6927342414856,107.6112266415001,0.0,7.647722989536851e-05,0.0001686567974635,0.0001686567974635,2161.1598184108734,107.47293585111764,0.0,1.049847331294062e-11,3.90425115047822e-07,3.90425115047822e-07,450.2178444862366,107.8049701120691,0.0069717036422376,0.0001288075745701,0.0092828778147595,0.0092828778147595,222.2690529000247,107.47297115295002,0.0,3.638767836414977e-07,9.341694710642434e-07,9.341694710642434e-07,"solver process died (exit code 3221225477), likely a native crash inside the solver library",
IMRT_lung_018,36.34889841079712,21,converged,93.35554698229924,0.0,5.042704108467928e-12,3.57967158010052e-07,3.57967158010052e-07,49.07597851753235,31,converged,93.3555395456724,0.0,1.4927621706178966e-11,1.728559583535142e-07,1.728559583535142e-07,289.5210268497467,93.355532445301,0.0,5.615914596215192e-07,5.269422666551475e-09,5.615914596215192e-07,47.24808955192566,93.41859520614368,0.0,3.495258550113423e-05,3.0123743534010467e-05,3.495258550113423e-05,1218.6828181743622,93.3555393928028,0.0,1.4033603914348321e-12,2.727043592787066e-07,2.727043592787066e-07,328.056303024292,93.34416761731455,0.0049177965166546,0.0001717584863134,0.0008104503359639,0.0049177965166546,125.151132900035,93.35556751376468,0.0,3.80275784629244e-07,8.205875901889194e-07,8.205875901889194e-07,,
IMRT_lung_019,205.89419507980347,29,converged,172.42923935595294,0.0,2.3232186363991827e-10,7.172433210679206e-07,7.172433210679206e-07,230.2506172657013,38,converged,172.4292022765256,0.0,1.4955473278308011e-09,1.226267263635313e-07,1.226267263635313e-07,,,,,,,192.04285526275635,172.59155033506602,1.5581603414934386e-07,0.0005818543710749,0.0002626139405615,0.0005818543710749,2077.180065870285,172.42923124703844,0.0,3.7297143147316384e-11,8.597496009231396e-07,8.597496009231396e-07,873.0307285785675,175.38508130291797,0.0174388416444737,0.0001395924957296,0.1087441414640711,0.1087441414640711,583.4819551000837,172.4292092334037,0.0,2.691431588410112e-07,2.059050912935913e-07,2.691431588410112e-07,"solver process died (exit code 3221225477), likely a native crash inside the solver library",
IMRT_lung_020,63.157800912857056,25,converged,52.75784345563928,0.0,6.603528230419092e-11,1.840350966690215e-07,1.840350966690215e-07,83.77052783966064,36,converged,52.75784361251286,0.0,5.5733604447264555e-11,1.9067100302147658e-07,1.9067100302147658e-07,642.9240210056305,52.75783923036835,0.0,3.5622789428314405e-07,6.685572874587559e-09,3.5622789428314405e-07,64.76276278495789,52.890747299093135,0.0,2.9121403737716136e-05,0.0009856769448955,0.0009856769448955,1340.4060983657837,52.75784238793591,0.0,6.652890163082726e-13,2.182402959635711e-07,2.182402959635711e-07,388.0831518173218,53.28036875801836,0.0034243097537686,7.797260074568431e-05,0.0422721781238043,0.0422721781238043,169.21419750002678,52.75785688662155,0.0,3.835914073301608e-07,7.281604416160175e-07,7.281604416160175e-07,,
IMRT_lung_021,14.908397436141968,23,converged,52.7869332984714,0.0,9.999099997890874e-12,2.407871669613946e-07,2.407871669613946e-07,18.562673568725582,31,converged,52.78693183007288,0.0,1.6285359641433848e-11,1.635404256145893e-07,1.635404256145893e-07,85.26683139801025,52.7869279712707,0.0,2.0356638633298266e-07,6.3227230728683535e-09,2.0356638633298266e-07,21.697363138198853,52.81706714577923,0.0,0.0021495922595053,0.0002906577610764,0.0021495922595053,798.887809753418,52.78693246937392,0.0,1.767072407979159e-11,3.662261675625009e-07,3.662261675625009e-07,151.25227427482605,52.80242613186376,0.0002323596799889,4.507710432746459e-06,0.0003094971727255,0.0003094971727255,1320.5444444000022,52.786949806120575,1.8221811917647297e-12,1.859474818071381e-07,9.064363881884316e-07,9.064363881884316e-07,,
IMRT_lung_022,143.54300999641418,26,converged,167.76163621536992,0.0,2.228016986742497e-11,6.716181600967692e-07,6.716181600967692e-07,166.40098595619202,36,converged,167.76160384080657,0.0,2.4492479824195328e-11,2.282682261452441e-07,2.282682261452441e-07,,,,,,,143.10982012748718,167.8345819422196,0.0,1.636079243371802e-07,4.70602618954466e-07,4.70602618954466e-07,1331.0073034763336,167.76161137774716,0.0,1.8610690542316604e-11,5.341344599271563e-07,5.341344599271563e-07,592.8634262084961,175.0183206121856,0.0116045671308498,9.363021477885273e-05,0.2428478055315556,0.2428478055315556,397.8095449999673,167.7615996043079,0.0,4.050545871249248e-07,1.6716592914161497e-07,4.050545871249248e-07,"solver process died (exit code 3221225477), likely a native crash inside the solver library",
IMRT_lung_023,83.78101348876953,25,converged,127.33034998085634,0.0,1.2306045300489674e-11,2.262078202687133e-07,2.262078202687133e-07,101.41787791252136,33,converged,127.33037939300524,0.0,2.2264469513277684e-11,9.513659535664612e-07,9.513659535664612e-07,,,,,,,90.83797478675842,127.41048952289148,0.0,4.783672093580416e-07,0.0001163005076021,0.0001163005076021,2546.7715010643005,127.33035138298956,0.0,3.9588159463826665e-11,4.27165635935877e-07,4.27165635935877e-07,465.5608348846436,131.95328285041214,0.0101377049126574,0.0002960487920449,0.10549988271783,0.10549988271783,275.10418579995167,127.33035119126689,0.0,3.80531547734842e-07,2.2955500820312e-07,3.80531547734842e-07,"solver process died (exit code 3221225477), likely a native crash inside the solver library",
IMRT_lung_024,154.36851692199707,25,converged,67.17632307801833,0.0,2.748903559080509e-11,2.829163154264465e-07,2.829163154264465e-07,197.28567385673523,35,converged,67.17633394901631,0.0,1.6460937675034014e-11,6.609425755676824e-07,6.609425755676824e-07,,,,,,,161.56159496307373,67.2369301205845,0.0,1.1162927528839124e-07,3.913462174575451e-07,3.913462174575451e-07,1001.7054574489594,67.17632669891526,0.0,4.631061261195533e-12,6.572077394680854e-07,6.572077394680854e-07,907.1647696495056,75.78777786501271,0.0143115069808061,0.0001146506429703,0.6808574501327476,0.6808574501327476,457.5581223999616,67.17632102809539,0.0,5.017775966124414e-07,2.0700980319784723e-07,5.017775966124414e-07,"solver process died (exit code 3221225477), likely a native crash inside the solver library",
IMRT_lung_025,46.9534375667572,21,converged,63.29437527401249,0.0,5.245058511941236e-12,1.5134114819269117e-07,1.5134114819269117e-07,62.6414909362793,31,converged,63.294375569354045,0.0,3.9157704157854106e-12,1.6168702162860404e-07,1.6168702162860404e-07,432.6113934516907,63.29437101989868,0.0,2.0354517090603405e-07,2.1069189034237875e-09,2.0354517090603405e-07,55.24301624298096,63.37741774162469,0.0,1.7014602780313132e-06,1.2499574855587174e-05,1.2499574855587174e-05,787.1494920253754,63.29437380250613,0.0,9.602473565468932e-13,1.59838881498425e-07,1.59838881498425e-07,357.12362837791443,63.29128798310904,0.0003622823817084,1.6466417151680254e-06,4.592801337410562e-05,0.0003622823817084,185.49169170006644,63.294381849934936,0.0,4.973787233826253e-07,3.799995289420594e-07,4.973787233826253e-07,,
IMRT_lung_026,44.43887543678284,23,converged,72.33291721175566,0.0,1.3600484916659252e-11,3.887541605925676e-07,3.887541605925676e-07,58.29964327812195,33,converged,72.33291363591752,0.0,2.163537336594764e-11,2.6870837306417085e-07,2.6870837306417085e-07,361.5938141345978,72.33290504361528,0.0,2.270007385577383e-07,1.986300745903474e-09,2.270007385577383e-07,50.34962916374207,72.46795396623264,0.0,0.008663669771375,0.0003512736951988,0.008663669771375,786.0794744491577,72.33291741416167,0.0,1.7386953147697864e-11,6.484407616193835e-07,6.484407616193835e-07,313.29030203819275,74.98174534721055,0.0075671046062997,3.4905546058675645e-05,0.0741323684197882,0.0741323684197882,133.6762074000435,72.33291383570979,0.0,3.645046426340119e-07,2.636635139495444e-07,3.645046426340119e-07,,
IMRT_lung_027,43.20213079452515,26,converged,65.81279198623099,0.0,1.187658887370086e-10,1.1356432789776956e-07,1.1356432789776956e-07,57.55021691322327,37,converged,65.81279289291808,0.0,3.728572024204841e-11,1.5264664826119126e-07,1.5264664826119126e-07,491.6164734363556,65.81278874388666,0.0,1.1602886739674765e-07,4.882107749136541e-09,1.1602886739674765e-07,57.621373414993286,65.87268914188948,0.0,6.674026741126711e-07,2.251867551990852e-06,2.251867551990852e-06,2463.33260512352,65.81279259193334,0.0,7.746844350631014e-12,2.5065288428825613e-07,2.5065288428825613e-07,347.3764612674713,66.44479617343777,0.0028309064324881,0.000117954614465,0.0166838677359879,0.0166838677359879,116.30535200005396,65.81281325829488,0.0,2.206700276756981e-07,9.05621166572466e-07,9.05621166572466e-07,,
IMRT_lung_028,18.52158617973328,23,converged,64.30020602870675,0.0,3.5552694535465754e-11,9.52157036820228e-07,9.52157036820228e-07,22.09817361831665,30,converged,64.30019459840874,0.0,1.684359037909434e-10,3.549362501654304e-07,3.549362501654304e-07,81.70744156837463,64.30018591803567,0.0,1.3908547465029774e-07,2.8825671773828933e-08,1.3908547465029774e-07,24.147788763046265,64.34385747846494,1.5301232264024086e-07,8.253390619878713e-07,1.4816183934026634e-06,1.4816183934026634e-06,1150.4825541973114,64.30019792243782,0.0,1.209500643519302e-11,8.324716149678321e-07,8.324716149678321e-07,184.0734429359436,64.17817751702114,0.0008385049716635,3.9712676870303e-06,0.0015302102724549,0.0015302102724549,58.74790189997293,64.30021026688149,0.0,6.86802221651493e-08,8.553675364979574e-07,8.553675364979574e-07,,
IMRT_lung_029,32.52042293548584,22,converged,90.6418803373131,0.0,1.1549860073350632e-11,3.124655583893031e-07,3.124655583893031e-07,43.18613028526306,32,converged,90.64188029501054,0.0,8.821719682337234e-12,3.209360832051117e-07,3.209360832051117e-07,215.63563776016235,90.6418682662412,0.0,5.197551153648573e-07,4.016160914504361e-09,5.197551153648573e-07,41.87948274612427,90.6502817180356,0.0,9.40820394208115e-08,1.905660093104801e-07,1.905660093104801e-07,2196.6917588710785,90.64187289307218,0.0,1.2320247952916526e-12,1.8994206344579377e-07,1.8994206344579377e-07,257.7286872863769,90.62481881649796,0.0012597292377946,1.7299265520772616e-06,0.0001287368304689,0.0012597292377946,112.50774709996767,90.64188347190326,0.0,3.25306948882258e-07,3.669542478164594e-07,3.669542478164594e-07,,
IMRT_lung_030,17.3260657787323,21,converged,45.48683210394242,0.0,5.548414799272438e-12,7.362082984268621e-07,7.362082984268621e-07,22.89191007614136,30,converged,45.48683122989712,0.0,4.652840897240756e-12,6.809284012194186e-07,6.809284012194186e-07,104.96846103668211,45.48682086596301,0.0,5.710449476096098e-07,1.4525060236011762e-08,5.710449476096098e-07,24.5956609249115,45.56773525728445,0.0,4.7197237953422505e-05,0.0001367739560487,0.0001367739560487,746.2751505374908,45.4868263196261,0.0,1.0016612724571052e-10,5.856293045842515e-07,5.856293045842515e-07,186.5261218547821,45.488810226906814,0.0002849925060772,2.629178017331343e-06,4.958358565621131e-05,0.0002849925060772,51.86229080008343,45.48683086704247,0.0,2.968003880533291e-07,4.895477236600758e-07,4.895477236600758e-07,,
IMRT_lung_031,12.513315677642822,22,converged,51.08782696487889,0.0,2.2809094425640707e-12,6.230906030670578e-07,6.230906030670578e-07,14.802205085754396,28,converged,51.08782358676178,0.0,3.799343626398052e-12,4.001344251611842e-07,4.001344251611842e-07,72.60629105567932,51.0878152850417,0.0,2.6973331661792853e-08,6.813936113040444e-09,2.6973331661792853e-08,18.768874168396,51.10951952947873,0.0,5.060028504849204e-05,0.0001418415417556,0.0001418415417556,530.9002673625946,51.08781772073461,0.0,2.373506024384501e-12,1.9463964264365282e-07,1.9463964264365282e-07,132.57495641708374,51.08587708310785,0.0002746712769901,9.73955720005571e-07,3.3172893847010894e-05,0.0002746712769901,36.2035183000844,51.08782216406895,0.0,2.3321308566174245e-07,2.971952127908789e-07,2.971952127908789e-07,,
IMRT_lung_032,17.37448525428772,22,converged,51.85081855634285,0.0,6.810721150351499e-12,9.78600457661165e-07,9.78600457661165e-07,23.34765625,32,converged,51.85080548102518,0.0,6.6381813537053235e-12,2.7263600700464535e-07,2.7263600700464535e-07,92.32242035865784,51.85079995372863,0.0,6.186444594040785e-07,1.345558652387076e-08,6.186444594040785e-07,24.706132173538208,51.90017227443863,0.0,7.682128215682058e-06,2.297831411401315e-05,2.297831411401315e-05,836.4065835475922,51.8508045223982,0.0,1.5706609998536668e-12,3.8197496377693364e-07,3.8197496377693364e-07,183.6787071228028,51.8630165667725,0.0004665393474503,2.755560433324216e-06,0.0002580783007344,0.0004665393474503,52.697439400013536,51.85081982853225,0.0,1.825977723534226e-07,8.458825572954779e-07,8.458825572954779e-07,,
IMRT_lung_033,8.53752088546753,19,converged,38.981373141828016,0.0,1.0658573255675427e-11,3.109445593989915e-07,3.109445593989915e-07,9.80119252204895,24,converged,38.9813771868332,0.0,1.4644571316504427e-11,5.399081075996809e-07,5.399081075996809e-07,41.86624240875244,38.981368014326165,0.0,1.1910026642717845e-07,1.7106468580268987e-09,1.1910026642717845e-07,14.615538835525513,38.997981803661546,0.0,0.0020106347103325,0.0008126410977091,0.0020106347103325,404.4537506103516,38.981370094950165,0.0,1.9141536817757385e-12,2.0200396581400842e-07,2.0200396581400842e-07,116.5658655166626,38.98244138047012,0.0002768640597107,2.1744047678203526e-06,8.131148675461966e-05,0.0002768640597107,457.01519119995646,38.981371179060616,2.601215352405973e-11,1.6013911261065944e-07,1.761320711308856e-07,1.761320711308856e-07,,
IMRT_lung_034,17.653214693069458,19,converged,45.58976677264699,0.0,6.306608797237736e-11,4.61622133877013e-07,4.61622133877013e-07,22.92644476890564,27,converged,45.5897647091827,0.0,6.843786853285084e-11,3.542278503886948e-07,3.542278503886948e-07,107.73139429092409,45.58975759177439,0.0,1.6332930620023213e-08,3.3104192064914942e-09,1.6332930620023213e-08,28.32954835891724,45.64803791328485,0.0,0.0001976060816813,0.0003897545789041,0.0003897545789041,844.055456161499,45.589764294098025,0.0,1.173697906805042e-11,5.811260907693652e-07,5.811260907693652e-07,189.0001640319824,45.586528275726735,0.0002544310095078,1.548764673334922e-06,6.764914889310779e-05,0.0002544310095078,56.43409899994731,45.589762532955575,0.0,3.289355278897733e-07,2.3718713091856325e-07,3.289355278897733e-07,,
IMRT_lung_035,72.38392400741577,24,converged,250.80596443941857,0.0,8.646146363968564e-11,1.615002544524392e-07,1.615002544524392e-07,95.04931163787842,34,converged,250.80598228005147,0.0,2.0390093878002343e-11,3.524954447793347e-07,3.524954447793347e-07,891.6787252426147,250.8059586380228,0.0,7.518134353136351e-07,1.0855275658860629e-07,7.518134353136351e-07,109.76120734214784,250.9975619920125,2.896518253530706e-07,4.054571557387225e-05,0.0001746218934529,0.0001746218934529,2065.6424944400787,250.80596149367244,0.0,6.421263013069962e-12,2.2271179381809722e-07,2.2271179381809722e-07,391.5436074733734,248.4973752115293,0.0116399377521723,1.016227786470596e-05,0.0078661689739171,0.0116399377521723,243.81047320005013,250.80598496014284,0.0,1.33088466473937e-07,3.2992008466000666e-07,3.2992008466000666e-07,,
IMRT_lung_036,34.519906759262085,26,converged,90.00212308240879,0.0,2.7181061509277863e-11,1.0710628726255633e-07,1.0710628726255633e-07,45.61509466171265,37,converged,90.00212413435987,0.0,1.3300099394701425e-11,1.3828596153846177e-07,1.3828596153846177e-07,199.7679681777954,90.00211954282253,0.0,7.144213067369532e-07,1.5551088943943697e-08,7.144213067369532e-07,38.84214496612549,90.10329938646775,0.0,1.8910777103319245e-06,3.394646597037872e-06,3.394646597037872e-06,1578.917004585266,90.00212542622573,0.0,4.396323730121031e-12,2.753286545644685e-07,2.753286545644685e-07,270.93443274497986,89.92670646554335,0.005381322118914,9.336329148563436e-06,0.0005898159782162,0.005381322118914,90.72650280001108,90.00215573461882,0.0,2.47018077074227e-07,8.733787042775558e-07,8.733787042775558e-07,,
IMRT_lung_037,40.21275186538696,24,converged,97.53182539068776,0.0,1.2563894894541396e-11,1.7782697015672234e-07,1.7782697015672234e-07,50.57568287849426,33,converged,97.53183580159076,0.0,9.78497128187942e-12,4.3410392561603314e-07,4.3410392561603314e-07,273.69204354286194,97.5318180086355,0.0,3.531067557746664e-07,6.12419308328301e-09,3.531067557746664e-07,45.34745979309082,97.57138082461948,0.0,9.981413433888184e-07,5.977167046836304e-07,9.981413433888184e-07,1861.236926555633,97.53182680578182,0.0,8.831379392354403e-12,3.4801958762323e-07,3.4801958762323e-07,297.2724635601044,97.5328567215687,0.0047858492042085,5.4075965752604765e-05,0.0010308128189952,0.0047858492042085,119.01892599998972,97.53182845641666,0.0,4.048939304401201e-07,2.4028966425616133e-07,4.048939304401201e-07,,
IMRT_lung_038,68.85543584823608,26,converged,73.59566897699558,0.0,1.2298537579194575e-11,1.8398311502918e-07,1.8398311502918e-07,88.04378771781921,36,converged,73.59566840120105,0.0,8.626931766739208e-12,1.660459894387845e-07,1.660459894387845e-07,410.3859987258911,73.59566293997383,0.0,2.507643365846468e-07,2.0547518830834955e-09,2.507643365846468e-07,70.76419568061829,73.76511519036522,0.0,2.116763679235801e-06,4.578762394792496e-05,4.578762394792496e-05,986.7455394268036,73.59567415494753,0.0,2.596236710755793e-12,5.43079093541261e-07,5.43079093541261e-07,370.5769381523132,73.59009377490477,0.0026020040262319,2.2374862685062515e-05,2.543088070115605e-05,0.0026020040262319,217.819595500012,73.59566943490142,0.0,5.350031771968642e-07,1.9094274262225466e-07,5.350031771968642e-07,,
IMRT_lung_039,9.598588705062866,19,converged,43.06819678269686,0.0,8.629057615356399e-12,6.960220800063734e-07,6.960220800063734e-07,12.847837924957275,28,converged,43.06818722189438,0.0,5.378542041000676e-11,1.5425196558721737e-07,1.5425196558721737e-07,41.38961744308472,43.06818503501978,0.0,7.183817198568805e-08,4.2888687346288526e-08,7.183817198568805e-08,14.946638107299805,43.12369478878899,0.0,0.0056191818480243,0.0071420536955625,0.0071420536955625,661.3188610076904,43.06818750904692,0.0,2.329353428860663e-12,2.858156038274991e-07,2.858156038274991e-07,125.45873045921326,43.06551478316337,0.0002228604557234,2.111386159179648e-06,4.799056263232348e-05,0.0002228604557234,31.10306439991109,43.06819269795778,0.0,1.610593751669351e-07,4.2532275255155803e-07,4.2532275255155803e-07,,
IMRT_lung_040,32.251391649246216,23,converged,72.7737708982287,0.0,6.261057919064135e-12,3.153102485785009e-07,3.153102485785009e-07,41.20950150489807,32,converged,72.77377211234109,0.0,4.827653617893596e-12,3.563544665006592e-07,3.563544665006592e-07,238.2704300880432,72.77376112021986,0.0,3.407607898552619e-07,1.2463590987893286e-08,3.407607898552619e-07,38.93126916885376,72.84940743032293,0.0,5.768678433184408e-07,1.338045942105097e-06,1.338045942105097e-06,1106.10023355484,72.77376763918507,0.0,1.5655900703848044e-12,3.4470248131470885e-07,3.4470248131470885e-07,265.3310625553131,72.669401274124,0.0051738791282186,4.998323808904696e-05,0.0006977490968301,0.0051738791282186,95.25991040002556,72.7737713673861,0.0,2.919107497093429e-07,3.167308787660654e-07,3.167308787660654e-07,,
IMRT_lung_041,15.115188837051392,22,converged,81.90825182388868,0.0,1.2884082129631586e-10,1.4042159824319876e-07,1.4042159824319876e-07,18.327253580093384,29,converged,81.90825174466322,0.0,1.7245253174841139e-10,1.3798805500302988e-07,1.3798805500302988e-07,62.25336956977844,81.90824799312692,0.0,4.17733622617422e-07,3.3106466477225524e-08,4.17733622617422e-07,20.497389554977417,81.96451266655706,2.884957559041454e-07,0.0007656958374042,0.0001029143898362,0.0007656958374042,700.8233625888824,81.9082547878105,0.0,5.380504475172273e-12,4.009814851644846e-07,4.009814851644846e-07,152.95702505111694,81.47332072974186,0.0029447728558311,1.0024448103421323e-05,0.0038584465737134,0.0038584465737134,51.56876689998899,81.9082763609217,0.0,5.778800003030652e-08,7.917443331218908e-07,7.917443331218908e-07,,
IMRT_lung_042,9.246750593185425,17,converged,43.02971219454208,0.0,1.5754033381718422e-11,6.045016240528822e-07,6.045016240528822e-07,11.434296369552612,23,converged,43.02971077967002,0.0,1.670395292417794e-11,5.303544165720298e-07,5.303544165720298e-07,45.610687255859375,43.02970086382445,0.0,2.1997838969034685e-07,4.604600281803369e-09,2.1997838969034685e-07,16.504170656204224,43.04868393167474,0.0,0.0016935700535026,0.0008678918718219,0.0016935700535026,370.39827156066895,43.02970377644102,0.0,2.209637287492249e-12,2.511816734999826e-07,2.511816734999826e-07,129.88215494155884,43.02959548456348,8.194754170425592e-05,6.805681438457096e-07,1.6563440653907568e-06,8.194754170425592e-05,496.02352720010094,43.02971234299634,2.343813839798751e-12,1.880737545182047e-07,5.807641454798183e-07,5.807641454798183e-07,,
IMRT_lung_043,10.869085788726808,21,converged,37.98337943194064,0.0,3.215940046648849e-11,1.4739214009459217e-07,1.4739214009459217e-07,13.319513082504272,28,converged,37.983379481593104,0.0,4.4809488888160703e-11,1.501630393131217e-07,1.501630393131217e-07,59.29615759849548,37.98337693093339,0.0,2.5492342296750043e-08,2.8690899829240036e-09,2.5492342296750043e-08,16.3603618144989,38.02362185351416,0.0,0.0256861087106167,6.402513955216739e-05,0.0256861087106167,934.6289224624634,37.98337881150279,0.0,1.6375033760188013e-12,1.8362368828840986e-07,1.8362368828840986e-07,129.24262952804563,37.98566305702821,0.00039968523962,2.486234844814905e-06,0.0001327561794162,0.00039968523962,32.13369190006051,37.98339148173476,0.0,2.402431134622992e-07,8.292622853310787e-07,8.292622853310787e-07,,
IMRT_lung_044,45.794612407684326,24,converged,83.34016357837466,0.0,1.1284883334471852e-11,4.270683788544078e-07,4.270683788544078e-07,57.49651002883911,33,converged,83.3401660401505,0.0,1.5891874579881064e-11,4.961464972597211e-07,4.961464972597211e-07,282.39804124832153,83.34014793752182,0.0,5.254630327554772e-07,8.610880277435094e-09,5.254630327554772e-07,48.79811477661133,83.42131825222148,0.0,2.2298603430358857e-06,2.429240811884566e-05,2.429240811884566e-05,1088.3520457744598,83.34016573262662,0.0,1.2945457007938712e-11,7.969206588960781e-07,7.969206588960781e-07,285.9230947494507,83.36320968190276,0.0027001725664738,2.871067854069356e-05,0.0005422416103085,0.0027001725664738,146.17738829995506,83.34016608134247,0.0,4.18569514143432e-07,4.79855804418983e-07,4.79855804418983e-07,,
IMRT_lung_045,17.23767113685608,21,converged,42.05804017204937,0.0,5.868656390194507e-12,7.501688596870006e-07,7.501688596870006e-07,20.956562280654907,28,converged,42.05803717156567,0.0,4.866594409159218e-12,5.217043313353457e-07,5.217043313353457e-07,90.30871868133544,42.058029115667466,0.0,3.513204267383058e-07,1.611755318461287e-09,3.513204267383058e-07,24.072577714920044,42.15359878466255,0.0,0.0005454215943737,2.3541621475076168e-05,0.0005454215943737,965.2141501903534,42.05803556995713,0.0,1.4841184267969815e-11,6.143427921646361e-07,6.143427921646361e-07,198.7322487831116,42.058020255840766,0.0001886623184173,1.1664235974846406e-06,1.704328474634997e-06,0.0001886623184173,61.48180890001822,42.058049135522026,0.0,3.011409695960529e-07,1.0324821214826166e-06,1.0324821214826166e-06,,
IMRT_lung_046,28.261006355285645,22,converged,54.6815834999354,0.0,3.737942017376294e-12,4.796335019996376e-07,4.796335019996376e-07,37.6936616897583,32,converged,54.68158050099714,0.0,4.152749099622815e-12,3.165544969148744e-07,3.165544969148744e-07,199.7756850719452,54.6815734518161,0.0,1.1012296108579013e-07,2.904746783112065e-09,1.1012296108579013e-07,37.74048948287964,54.76540896157429,0.0,7.740230942563942e-06,1.7274867015221487e-06,7.740230942563942e-06,1865.5221672058103,54.681582599718965,0.0,1.7942034388282576e-10,7.842269253231139e-07,7.842269253231139e-07,263.683954000473,54.73862747360496,0.0026755554701842,3.851284766922817e-05,0.0017237908309631,0.0026755554701842,88.05582919996232,54.68158155095006,0.0,2.8075601981508386e-07,3.227735253961182e-07,3.227735253961182e-07,,
IMRT_lung_047,28.05419373512268,23,converged,57.19413865941738,0.0,4.033040024932709e-12,9.848093309192834e-07,9.848093309192834e-07,36.012919902801514,32,converged,57.19413783597943,0.0,6.538480636142533e-12,9.198120043761764e-07,9.198120043761764e-07,210.60775804519653,57.19412324391239,0.0,2.3912226809676505e-07,4.1859098189139335e-09,2.3912226809676505e-07,39.361239433288574,57.256638321508674,0.0,0.0013326546318691,3.0924439901529426e-05,0.0013326546318691,1337.5402567386627,57.19412931235874,0.0,6.852306795118913e-11,4.885173913886826e-07,4.885173913886826e-07,263.66829895973206,57.24398286657831,0.0045850209555846,0.0001499682917297,0.002238572471578,0.0045850209555846,82.57163189991843,57.19414442109098,0.0,2.620549652503747e-07,8.183997276773656e-07,8.183997276773656e-07,,
IMRT_lung_048,5.967697143554688,18,converged,33.14568240296775,0.0,7.929453535086209e-11,2.354076081944472e-07,2.354076081944472e-07,7.565582752227783,25,converged,33.145689532739766,0.0,1.951166930572509e-11,8.453559232955273e-07,8.453559232955273e-07,29.040510177612305,33.14567893534931,0.0,2.143074787943115e-08,6.417471910759129e-09,2.143074787943115e-08,10.594239473342896,33.16904173351874,0.0,2.318112613508835e-06,3.137380274692668e-06,3.137380274692668e-06,283.28898334503174,33.145681197778536,0.0,2.328513016540433e-12,2.686424431172621e-07,2.686424431172621e-07,81.8350121974945,33.176707182896536,0.0006586361214255,1.1911551864193935e-05,0.0014211460681784,0.0014211460681784,268.7951153999893,33.1456835879157,6.568324697025516e-11,1.3162093573790526e-07,3.075866607560507e-07,3.075866607560507e-07,,
IMRT_lung_049,13.462801456451416,21,converged,58.07894113437426,0.0,5.161456416022704e-11,1.863183114202016e-07,1.863183114202016e-07,16.522186040878296,28,converged,58.078957112226,0.0,4.122867376490189e-12,8.191677230814224e-07,8.191677230814224e-07,63.01297163963318,58.07893638569678,0.0,3.1962119056981084e-07,7.394352081790131e-09,3.1962119056981084e-07,18.308884859085083,58.10491581670155,0.0,0.0001385618521115,0.0001049113650177,0.0001385618521115,1057.8966481685638,58.07894251823463,0.0,1.787861798831035e-12,3.907317814298941e-07,3.907317814298941e-07,143.23261833190918,58.47287869797793,0.0029282920282903,3.1731474517043346e-05,0.0141776424344435,0.0141776424344435,36.43416459998116,58.0789557499658,0.0,2.0305623058881654e-07,7.274988888704886e-07,7.274988888704886e-07,,
IMRT_lung_050,7.731680631637573,20,converged,45.690419650398525,0.0,1.2715079219928043e-11,7.406683439779317e-07,7.406683439779317e-07,9.178195476531982,26,converged,45.69041712963031,0.0,1.7263217395312186e-11,6.270982531888097e-07,6.270982531888097e-07,32.810739517211914,45.69040636479769,0.0,4.635502677779546e-07,3.005270880635402e-08,4.635502677779546e-07,11.870327949523926,45.69368924593563,3.023692743997833e-09,2.940092084633692e-07,2.08584659668474e-08,2.940092084633692e-07,480.2056317329407,45.69041531804436,0.0,6.445218199353071e-11,9.360254782512696e-07,9.360254782512696e-07,94.006370306015,45.69238760711136,0.00036139276516,1.2223584430375732e-06,5.223376210639262e-05,0.00036139276516,20.265982100041583,45.69041334848696,0.0,1.114856488925292e-07,3.600802984134181e-07,3.600802984134181e-07,,
IMRT_lung_051,22.593563079833984,19,converged,33.68794180956724,0.0,7.426495101982644e-11,3.359339098729178e-07,3.359339098729178e-07,29.57786726951599,27,converged,33.68794065986817,0.0,9.513078515337927e-11,2.604021825389673e-07,2.604021825389673e-07,117.76423406600952,33.68793674642324,0.0,3.81420012873559e-07,9.088773790491005e-09,3.81420012873559e-07,29.74856376647949,33.747636341588944,0.0,0.0101325022293393,0.0001016157182845,0.0101325022293393,726.2382943630219,33.68794147712965,0.0,2.220536930192764e-12,4.995666833491184e-07,4.995666833491184e-07,200.22284030914307,33.68705531124685,0.0004803998821631,2.3064008066120446e-06,8.784738294940033e-06,0.0004803998821631,71.08983039995655,33.68793977570387,0.0,4.223975268493097e-07,2.0098873888364966e-07,4.223975268493097e-07,,
IMRT_lung_052,11.530871152877808,17,converged,32.969022718545446,0.0,1.98000538219647e-11,3.613626417674309e-07,3.613626417674309e-07,14.22166872024536,23,converged,32.96902438407308,0.0,3.235664455313673e-11,4.709724135812922e-07,4.709724135812922e-07,72.09318852424622,32.96901729180816,0.0,5.712182165797668e-08,1.867042804117704e-09,5.712182165797668e-08,18.43881058692932,33.00247932084855,0.0,0.0058700216132792,0.000928511682287,0.0058700216132792,468.6181485652924,32.96901998076643,0.0,2.3542468122043825e-12,2.819540520101556e-07,2.819540520101556e-07,122.82088255882265,32.96293516914461,0.0001388389452524,1.0450944265371123e-06,0.0001596344024954,0.0001596344024954,38.75646429997869,32.969031213502056,0.0,3.235491613316454e-07,9.053096925057168e-07,9.053096925057168e-07,,
IMRT_lung_053,13.163634777069092,20,converged,40.67267718881712,0.0,1.5785705382233072e-11,6.797694241710316e-07,6.797694241710316e-07,15.756675958633425,26,converged,40.67267832731167,0.0,2.4769468147325696e-11,7.325769305825784e-07,7.325769305825784e-07,62.240880489349365,40.67266610371152,0.0,5.140228481776155e-07,1.0044931389989241e-08,5.140228481776155e-07,19.82022261619568,40.74426264011909,0.0,0.0008030718382604,0.000750723732372,0.0008030718382604,584.7145495414734,40.6726697729848,0.0,4.158086223366536e-12,3.6805101415982833e-07,3.6805101415982833e-07,140.71338415145874,40.65645160363587,0.0006586279183804,1.1094970073487853e-05,0.0003381875432322,0.0006586279183804,45.237254999927245,40.67267787754184,0.0,2.2733635174393146e-07,6.339516761199732e-07,6.339516761199732e-07,,
IMRT_lung_054,9.19133448600769,16,converged,32.35340709528087,0.0,1.197060187249116e-11,8.217771721707813e-07,8.217771721707813e-07,11.66745662689209,23,converged,32.353402370386895,0.0,2.354383414026232e-11,4.680509616223359e-07,4.680509616223359e-07,35.74078607559204,32.35339553977754,0.0,9.64253167028662e-09,1.5093084032420159e-09,9.64253167028662e-09,16.641738414764404,32.41221669524446,0.0,0.0047762463827427,0.0011762674602176,0.0047762463827427,99.45203471183775,32.353397481020224,0.0,1.681953295818043e-12,2.140545697958379e-07,2.140545697958379e-07,106.26536631584167,32.35237965306779,0.0003583118094404,2.480560675442942e-07,2.7689475214628223e-05,0.0003583118094404,927.1517223999836,32.35339911339045,1.0829182668437694e-11,2.7689462876661134e-07,2.383964911396922e-07,2.7689462876661134e-07,,
IMRT_lung_055,20.960433959960938,20,converged,39.27225893610189,0.0,9.762112059576664e-12,5.994490206595113e-07,5.994490206595113e-07,24.75478172302246,26,converged,39.272260982756734,0.0,8.347300792583188e-12,7.136686292316963e-07,7.136686292316963e-07,95.98329043388368,39.27224887270754,0.0,1.1435268252735385e-07,1.960641921558641e-09,1.1435268252735385e-07,27.96543884277344,39.29044599248334,0.0,2.7549856070036773e-06,4.509685397348999e-07,2.7549856070036773e-06,459.72423791885376,39.27225234538744,0.0,2.253354390001075e-12,3.323288116286709e-07,3.323288116286709e-07,187.30898571014404,39.27283735138409,0.0005019105337328,1.1144150097150646e-06,3.721636358365663e-05,0.0005019105337328,77.03033060010057,39.27225560382071,0.0,3.871123746042821e-07,3.678855382229145e-07,3.871123746042821e-07,,
IMRT_lung_056,8.202740907669067,16,converged,36.16299875427289,0.0,3.176935820978735e-11,2.2368156805455265e-07,2.2368156805455265e-07,10.190414190292358,22,converged,36.163000407626505,0.0,3.219166318180496e-11,3.248914933278096e-07,3.248914933278096e-07,35.53783345222473,36.16299526217866,0.0,4.4979516806783015e-08,1.3659098789902982e-08,4.4979516806783015e-08,14.469728946685793,36.207884697216286,0.0,0.0022357105979869,0.0003443276211119,0.0022357105979869,316.6955313682556,36.16300368073704,0.0,8.829588673730859e-12,9.117414514978016e-07,9.117414514978016e-07,95.15978384017944,36.16342771193839,0.0005640282372456,2.904323964432636e-06,7.935148605759274e-05,0.0005640282372456,611.4434905999806,36.16300590227696,9.385758163937157e-13,2.752714766979122e-07,6.475322166641773e-07,6.475322166641773e-07,,
IMRT_lung_057,14.752037286758425,19,converged,36.34958795716187,0.0,7.774043395696915e-12,6.121320751773511e-07,6.121320751773511e-07,18.30220055580139,26,converged,36.34958518886514,0.0,5.846503753157967e-12,4.550061731686564e-07,4.550061731686564e-07,60.89839768409729,36.34957787646047,0.0,7.835373934437845e-09,1.1916235029279474e-09,7.835373934437845e-09,21.19273281097412,36.41978814224791,0.0,0.000802217349598,0.000736744186873,0.000802217349598,228.4546864032745,36.34958198773407,0.0,2.0691403302289075e-12,4.059638058243749e-07,4.059638058243749e-07,136.59501099586487,36.3356933100425,0.001227141107297,1.9484398506565723e-06,0.0001747637382967,0.001227141107297,64.5569211000111,36.34958129737091,0.0,3.028373912133232e-07,2.0263732705149106e-07,3.028373912133232e-07,,
IMRT_lung_058,17.17696475982666,19,converged,39.92821665402718,0.0,8.697286760365464e-12,7.341790547752666e-07,7.341790547752666e-07,22.268738269805908,27,converged,39.92822076418074,0.0,1.3338323813854604e-11,9.904560442996475e-07,9.904560442996475e-07,104.60741925239564,39.9282054890796,0.0,1.7108430072438628e-07,1.718817303198704e-09,1.7108430072438628e-07,26.05450701713562,39.95529501120532,0.0,4.8449284938489344e-06,1.1518479593510877e-06,4.8449284938489344e-06,884.2521867752075,39.92820769789193,0.0,2.4546296380937947e-12,2.086971949781087e-07,2.086971949781087e-07,200.1672849655152,39.92617115617027,0.0001987307150902,1.8835085036647848e-06,4.299158131102609e-05,0.0001987307150902,56.03886059997603,39.92821067285618,0.0,3.44361447881155e-07,2.813456107343104e-07,3.44361447881155e-07,,
IMRT_lung_059,38.91113376617432,22,converged,52.154528000720674,0.0,3.900742526492983e-12,9.535866896654308e-07,9.535866896654308e-07,47.2091965675354,29,converged,52.15451573398197,0.0,6.408219902638029e-12,3.736840097048509e-07,3.736840097048509e-07,306.8470871448517,52.15450710358677,0.0,1.3225655946111386e-07,5.362377465630461e-09,1.3225655946111386e-07,46.24244809150696,52.24754488282461,0.0,6.927809599487631e-06,0.000717058835935,0.000717058835935,1304.662737607956,52.15450957831218,0.0,9.825079492060517e-13,1.697852993703445e-07,1.697852993703445e-07,266.94640278816223,52.1559189663798,0.0030620774757423,5.0560287130173936e-05,0.000473136436637,0.0030620774757423,114.44653349998408,52.15451288264912,0.0,3.814543695710392e-07,2.4289876568085165e-07,3.814543695710392e-07,,
IMRT_lung_060,7.481934309005737,16,converged,33.09404832039024,0.0,9.704530434102832e-12,7.626589766856548e-07,7.626589766856548e-07,9.705187559127808,23,converged,33.09404377431516,0.0,3.6336818513278345e-11,4.318485716234215e-07,4.318485716234215e-07,34.28018546104431,33.09403732562323,0.0,1.4454284585873e-08,2.171814196768536e-09,1.4454284585873e-08,13.445597410202026,33.11968793220633,0.0,0.0034726119169406,0.0002378049142787,0.0034726119169406,410.6950623989105,33.09404365634854,0.0,4.129277289079122e-12,7.394563212269215e-07,7.394563212269215e-07,98.12145948410034,33.088216777030134,0.0002431746005503,4.989726740595263e-07,0.0001536787851178,0.0002431746005503,571.7728999999817,33.094046886859665,3.706762862592792e-12,1.77117679120978e-07,6.246834295748627e-07,6.246834295748627e-07,,
