Problem,n,m,p,pure_equality,Warm-IP_time,Warm-IP_iters,Warm-IP_stop,Warm-IP_obj,Warm-IP_primal_res,Warm-IP_dual_res,Warm-IP_dual_gap,Warm-IP_kkt_max,IP_time,IP_iters,IP_stop,IP_obj,IP_primal_res,IP_dual_res,IP_dual_gap,IP_kkt_max,PIQP_time,PIQP_obj,PIQP_primal_res,PIQP_dual_res,PIQP_dual_gap,PIQP_kkt_max,MOSEK_time,MOSEK_obj,MOSEK_primal_res,MOSEK_dual_res,MOSEK_dual_gap,MOSEK_kkt_max,Clarabel_time,Clarabel_obj,Clarabel_primal_res,Clarabel_dual_res,Clarabel_dual_gap,Clarabel_kkt_max,OSQP_time,OSQP_obj,OSQP_primal_res,OSQP_dual_res,OSQP_dual_gap,OSQP_kkt_max,Gurobi_time,Gurobi_obj,Gurobi_primal_res,Gurobi_dual_res,Gurobi_dual_gap,Gurobi_kkt_max
MPC_001_LIPMWALK0,16,32,0,0,0.125514268875122,7,converged,-2.3426583755522623,0.0,2.271465101606773e-14,5.746111683032662e-08,5.746111683032662e-08,0.1301403045654297,9,converged,-2.3426583767653826,0.0,2.4900564935491e-14,8.697331750613484e-09,8.697331750613484e-09,0.0049986839294433,-2.34265836142617,0.0,3.986925043831837e-08,3.583450393385001e-07,3.583450393385001e-07,0.0675265789031982,-2.3426576823117875,0.0,5.039178361334225e-06,3.13754026807826e-06,5.039178361334225e-06,0.001000165939331,-2.3426581964448707,0.0,2.4466454221832643e-11,6.393865467691536e-07,6.393865467691536e-07,0.0,-2.34265840776984,3.205222055078612e-10,8.740390798667563e-07,5.744478323932457e-07,8.740390798667563e-07,0.0114139999495819,-2.342658376997619,7.907795539821572e-13,1.3032732727255564e-10,5.382651497159708e-08,5.382651497159708e-08
MPC_002_LIPMWALK1,16,32,0,0,0.1250336170196533,7,converged,-3.726735240559959,0.0,2.484028556171912e-14,1.4201097467275025e-08,1.4201097467275025e-08,0.1280369758605957,8,converged,-3.726735233534946,0.0,1.385775802610342e-14,1.943704850387664e-07,1.943704850387664e-07,0.0055251121520996,-3.726735235620529,0.0,8.82942158439526e-10,7.912941608883809e-08,7.912941608883809e-08,0.0675716400146484,-3.726732864426056,0.0,9.234456389044797e-06,2.148800661115137e-05,2.148800661115137e-05,0.000993013381958,-3.726735165408999,0.0,2.6497488166772022e-11,1.59040442922929e-07,1.59040442922929e-07,0.001000165939331,-3.7267353361879216,1.1089746402323442e-09,1.572729088022006e-07,1.1452864171227973e-07,1.572729088022006e-07,0.010970199946314,-3.726735229550564,0.0,1.7985708971868422e-10,3.848751582158873e-07,3.848751582158873e-07
MPC_003_LIPMWALK2,16,32,0,0,0.1255223751068115,7,converged,-2.5413772063480677,0.0,7.9300420541176715e-16,1.152624334149703e-08,1.152624334149703e-08,0.1265077590942382,8,converged,-2.541377194420068,0.0,7.379984291868986e-16,1.018394275764386e-07,1.018394275764386e-07,0.0039999485015869,-2.5413771971100854,0.0,1.0808701030175334e-08,1.3331634770605285e-07,1.3331634770605285e-07,0.0665254592895507,-2.5413733182970923,0.0,6.22105880280583e-06,3.001804882021686e-05,3.001804882021686e-05,0.0,-2.541377131872116,0.0,9.946447748256227e-12,1.8151535009104577e-07,1.8151535009104577e-07,0.0009994506835937,-2.541377256729574,1.0390612616140467e-09,8.576337921989744e-08,6.51264093560292e-08,8.576337921989744e-08,0.010887200012803,-2.5413772085554185,0.0,3.4526166755452536e-10,5.674508944038546e-09,5.674508944038546e-09
MPC_004_LIPMWALK3,16,32,0,0,0.1271650791168213,8,converged,-0.4589477621820256,0.0,1.5460316870878544e-15,5.805408608428783e-07,5.805408608428783e-07,0.1305098533630371,10,converged,-0.4589480057638475,0.0,4.534092755851112e-15,1.932607663910235e-07,1.932607663910235e-07,0.0070044994354248,-0.4589480601960977,0.0,2.5384706999033143e-10,1.084796613692627e-07,1.084796613692627e-07,0.0670013427734375,-0.4589465944714266,0.0,8.055570155560853e-06,3.934371972583581e-05,3.934371972583581e-05,0.0009989738464355,-0.4589479978626919,0.0,9.462983104968662e-13,2.703898644574472e-07,2.703898644574472e-07,0.0,-0.4589480692814973,5.299429679814104e-10,4.70037964818246e-07,1.179551246814829e-06,1.179551246814829e-06,0.010937999933958,-0.4589476085412524,0.0,2.1167176014320602e-10,7.472946066654882e-07,7.472946066654882e-07
MPC_005_LIPMWALK4,16,32,0,0,0.1265356540679931,7,converged,-0.4372916912745516,6.848961040571605e-20,3.098680454072118e-14,1.194078900942374e-07,1.194078900942374e-07,0.1295480728149414,9,converged,-0.4372916955849536,6.848961040571605e-20,8.434701120657671e-17,1.9070499545813537e-08,1.9070499545813537e-08,0.0049965381622314,-0.4372916812594107,6.848961040571605e-20,8.776686219840967e-09,1.9855062550685653e-07,1.9855062550685653e-07,0.0665168762207031,-0.4372914923259569,6.848961040571605e-20,1.0198515792096032e-05,3.208903797172349e-05,3.208903797172349e-05,0.0009973049163818,-0.4372916956225499,6.848961040571605e-20,1.1634455027141736e-13,8.974876800879624e-09,8.974876800879624e-09,0.0,1.0750229080727646e+19,0.999999891771206,0.99999999916863,1.999999920465809,1.999999920465809,0.0118768999818712,-0.4372916965650253,6.848961040571605e-20,4.660408938226421e-09,3.086860016762071e-09,4.660408938226421e-09
MPC_006_LIPMWALK5,16,32,0,0,0.124523639678955,7,converged,-0.2911763857599549,0.0,4.153226996679747e-14,6.9912742952344e-09,6.9912742952344e-09,0.1275086402893066,8,converged,-0.2911762710910947,0.0,1.7085647814402825e-15,6.434014824839694e-07,6.434014824839694e-07,0.0050005912780761,-0.2911763819272751,0.0,6.734835171778306e-10,3.3678216724989107e-08,3.3678216724989107e-08,0.0665197372436523,-0.2911749859305291,0.0,1.383711336053518e-05,9.60673525192628e-05,9.60673525192628e-05,0.0010006427764892,-0.2911763736183979,0.0,1.773660679055643e-13,8.320496687593305e-08,8.320496687593305e-08,0.001000165939331,-0.2911770189755338,6.650738792549221e-09,3.4458566758961464e-08,5.281567462420815e-07,5.281567462420815e-07,0.011497400002554,-0.2911763839602299,2.403002323149813e-13,1.8883254191931144e-10,2.62298475797236e-08,2.62298475797236e-08
MPC_007_LIPMWALK6,16,32,0,0,0.1245231628417968,6,converged,-0.2845288191075641,0.0,1.824515709147993e-15,4.533934340365292e-07,4.533934340365292e-07,0.1280484199523925,9,converged,-0.2845288320786847,0.0,8.526060495317576e-15,1.0033095523693618e-08,1.0033095523693618e-08,0.0050013065338134,-0.2845288317021361,0.0,1.2645841045972875e-09,1.4710573986815514e-08,1.4710573986815514e-08,0.0665259361267089,-0.284525833633378,0.0,1.3286777446144556e-05,6.797972673479919e-05,6.797972673479919e-05,0.0,-0.2845287999999762,0.0,9.809754178132605e-13,2.2733909816262242e-07,2.2733909816262242e-07,0.0010006427764892,-0.2845287539137381,0.0,1.3532979549631094e-08,2.6838360843800386e-08,2.6838360843800386e-08,0.0112776999594643,-0.2845288324192334,8.269911803436487e-13,6.763449617649173e-10,5.4646902260780124e-08,5.4646902260780124e-08
MPC_008_LIPMWALK7,16,32,0,0,0.1245763301849365,6,converged,-0.393529800326561,0.0,1.8613311397801946e-15,1.6825837116847238e-07,1.6825837116847238e-07,0.1285493373870849,8,converged,-0.3935297649947512,0.0,5.269130687368379e-16,2.4144586444406053e-07,2.4144586444406053e-07,0.0049974918365478,-0.3935297743436301,0.0,1.071565901713856e-08,2.2049099310255757e-07,2.2049099310255757e-07,0.0670387744903564,-0.393529791099202,0.0,1.1722669090853652e-06,1.2949762047237513e-06,1.2949762047237513e-06,0.0009989738464355,-0.3935298045602597,0.0,6.834416193165593e-14,2.2630778900734414e-08,2.2630778900734414e-08,0.0,-0.3935297266277381,0.0,1.5711859196551278e-07,2.950515871060603e-07,2.950515871060603e-07,0.0110057999845594,-0.3935297962449943,0.0,6.922999739198338e-09,7.170685758397822e-07,7.170685758397822e-07
MPC_009_LIPMWALK8,16,32,0,0,0.1220319271087646,6,converged,-0.5989491023407856,0.0,5.237250042365671e-16,7.580241996692915e-08,7.580241996692915e-08,0.1320414543151855,8,converged,-0.5989490820976647,0.0,2.5149855612512273e-16,7.88800925754566e-08,7.88800925754566e-08,0.0049991607666015,-0.5989490953097727,0.0,2.970814183695894e-09,4.2631433419750766e-08,4.2631433419750766e-08,0.0676982402801513,-0.5989475983632054,0.0,1.3901375436026897e-05,3.779413848800836e-06,1.3901375436026897e-05,0.0009987354278564,-0.5989491045935269,0.0,5.0567101887368766e-14,9.327725640052553e-09,9.327725640052553e-09,0.0,-0.598949066221767,0.0,1.9518364908777345e-07,2.3312378310575767e-07,2.3312378310575767e-07,0.0108410000102594,-0.5989491057037307,0.0,2.780786406801765e-09,1.5543726197669408e-08,1.5543726197669408e-08
MPC_010_LIPMWALK9,16,32,0,0,0.1245098114013671,6,converged,-0.8578034618509603,0.0,8.612843682086645e-17,6.481173122480801e-08,6.481173122480801e-08,0.1265332698822021,8,converged,-0.8578034617774449,0.0,9.74786921522319e-17,9.504727427125572e-09,9.504727427125572e-09,0.0039927959442138,-0.8578032777546014,0.0,9.842639119764154e-09,2.328540236818951e-07,2.328540236818951e-07,0.0665173530578613,-0.8578024418563436,0.0,1.1430307781329717e-05,0.0001114401175261,0.0001114401175261,0.0,-0.8578033080924412,0.0,1.0948045987481695e-12,3.507648862426088e-07,3.507648862426088e-07,0.0009999275207519,-0.8578034824422812,1.8925854607463338e-10,8.934781511783147e-08,4.006443197541787e-08,8.934781511783147e-08,0.0110578000312671,-0.8578034690183076,0.0,9.733009711125819e-12,7.063333689857561e-09,7.063333689857561e-09
MPC_011_LIPMWALK10,16,32,0,0,0.1245181560516357,6,converged,-1.071416184506567,2.7403163934671275e-19,4.772436481381744e-13,7.293338832199447e-07,7.293338832199447e-07,0.1260254383087158,8,converged,-1.0714161574480667,2.7403163934671275e-19,1.364730327902807e-16,1.0405774479999608e-07,1.0405774479999608e-07,0.0049998760223388,-1.0714161998935294,2.7403163934671275e-19,3.7521282207426695e-09,4.2801584983275975e-08,4.2801584983275975e-08,0.0665228366851806,-1.0714155121933655,2.7403163934671275e-19,1.555454782824395e-05,7.949247179206743e-05,7.949247179206743e-05,0.0009961128234863,-1.0714161870503482,2.7403163934671275e-19,3.098424491178319e-13,5.0953634289257645e-08,5.0953634289257645e-08,0.0009980201721191,-1.0714162219376973,2.5702669858974657e-10,2.041795652712952e-07,6.639592517769168e-08,2.041795652712952e-07,0.0108182000694796,-1.0714162063782453,2.7403163934671275e-19,6.498474068925308e-10,7.161243944817966e-08,7.161243944817966e-08
MPC_012_LIPMWALK11,16,32,0,0,0.1275162696838379,8,converged,-0.1000287112789105,0.0,5.7203239526680695e-15,1.7512275167192197e-08,1.7512275167192197e-08,0.1290271282196045,9,converged,-0.1000286912019449,0.0,9.142610197666252e-16,6.533525105354222e-07,6.533525105354222e-07,0.0050001144409179,-0.1000287110430621,0.0,3.087408810029548e-11,2.9769904815568565e-08,2.9769904815568565e-08,0.0675837993621826,-0.1000285197603587,0.0,2.8815980078710643e-06,9.933392933666917e-06,9.933392933666917e-06,0.0009984970092773,-0.1000287025455922,0.0,3.2843838583241963e-13,5.57187545390234e-08,5.57187545390234e-08,0.0,-0.1000287877470342,1.5662656655564182e-09,4.425790326887815e-07,7.225920278745731e-07,7.225920278745731e-07,0.010861900052987,-0.1000287101851692,0.0,6.929886733667357e-11,1.2251853703821545e-07,1.2251853703821545e-07
MPC_013_LIPMWALK12,16,32,0,0,0.1266827583312988,7,converged,-0.2701781298803353,6.857005230879035e-20,7.085771995243297e-14,7.212486230779284e-08,7.212486230779284e-08,0.1275219917297363,8,converged,-0.2701780733246116,6.857005230879035e-20,5.633511921902361e-17,3.497811914165713e-07,3.497811914165713e-07,0.0039970874786376,-0.2701781286131806,6.857005230879035e-20,5.4271635383999835e-09,1.6362338391304012e-08,1.6362338391304012e-08,0.0680005550384521,-0.2701757943544557,6.857005230879035e-20,5.136495963894989e-05,0.0001309136534797,0.0001309136534797,0.0009999275207519,-0.270178019344783,6.857005230879035e-20,1.371648154504021e-12,6.617530624238127e-07,6.617530624238127e-07,0.0,-0.2701781647178637,7.90900599408301e-09,3.041682819615031e-07,1.4279187015546922e-07,3.041682819615031e-07,0.0107828000327572,-0.2701780614122265,6.857005230879035e-20,2.79467800831878e-09,4.520602758764229e-07,4.520602758764229e-07
MPC_014_LIPMWALK13,16,32,0,0,0.1235160827636718,6,converged,-0.4565129951319622,0.0,2.497295355676823e-12,5.18955282587851e-07,5.18955282587851e-07,0.1306126117706298,8,converged,-0.456513003257694,0.0,6.043922377618317e-16,3.2498703831068765e-08,3.2498703831068765e-08,0.0039951801300048,-0.4565129082028623,0.0,7.871597454112359e-09,5.00705301501115e-07,5.00705301501115e-07,0.0675151348114013,-0.4565129610528584,0.0,1.6899172387216405e-06,8.742224255786853e-06,8.742224255786853e-06,0.0,-0.4565129828407738,0.0,3.1928663391096013e-13,1.5253787241337113e-07,1.5253787241337113e-07,0.0,-0.4565130756044337,9.784943293599463e-10,4.6957172929830626e-08,1.0561093219141504e-07,1.0561093219141504e-07,0.0110869000200182,-0.4565130114000554,2.370191678882556e-12,2.7479003038331924e-10,3.631839272357667e-08,3.631839272357667e-08
MPC_015_LIPMWALK14,16,32,0,0,0.1245081424713134,6,converged,-0.6538104060637049,0.0,9.187266137175134e-16,2.1221802456188466e-07,2.1221802456188466e-07,0.1270442008972168,8,converged,-0.6538103862157171,0.0,8.369397651898784e-16,3.836445002071072e-07,3.836445002071072e-07,0.0039999485015869,-0.6538104118181133,0.0,2.491209258619064e-10,3.310702989296852e-08,3.310702989296852e-08,0.0680022239685058,-0.653809773006053,0.0,1.4041452330090264e-05,6.579509728324632e-05,6.579509728324632e-05,0.0,-0.6538103954402661,0.0,7.807250075211556e-13,1.229612313965429e-07,1.229612313965429e-07,0.0010006427764892,-0.653810216740502,0.0,3.674423839648531e-07,2.2756423716150017e-07,3.674423839648531e-07,0.0113842000719159,-0.6538104136179281,5.746624460607165e-14,1.621642727371364e-11,2.5763115488711324e-09,2.5763115488711324e-09
MPC_016_LIPMWALK15,16,32,0,0,0.1242942810058593,6,converged,-0.85026127690448,0.0,1.4735506095266996e-15,1.2344263116045354e-07,1.2344263116045354e-07,0.1265208721160888,8,converged,-0.8502612603018395,0.0,2.3960174183305057e-16,7.088594166828716e-08,7.088594166828716e-08,0.0049986839294433,-0.8502610459751068,0.0,4.749801137954516e-09,5.258164079358102e-07,5.258164079358102e-07,0.0724878311157226,-0.8502611622069064,0.0,3.013614577352569e-06,5.209265205617343e-06,5.209265205617343e-06,0.0009984970092773,-0.8502612813088548,0.0,5.849571771880114e-14,1.305969226518358e-08,1.305969226518358e-08,0.0,-0.8502610877966535,0.0,9.649955222850617e-07,3.875304770344245e-07,9.649955222850617e-07,0.0110820999834686,-0.850261274081672,0.0,4.023596085816385e-10,7.4751594546802e-08,7.4751594546802e-08
MPC_017_LIPMWALK16,16,32,0,0,0.1245169639587402,6,converged,-0.9939536306169936,0.0,1.842912350567466e-15,4.544562974298778e-08,4.544562974298778e-08,0.1265802383422851,8,converged,-0.9939536099876096,0.0,2.922969138528884e-16,3.5285899447110715e-08,3.5285899447110715e-08,0.0040009021759033,-0.9939536268815174,0.0,1.9381096436546984e-10,1.3434859621242322e-08,1.3434859621242322e-08,0.0665235519409179,-0.9939535230270028,0.0,6.27546546275604e-06,1.5345542136497414e-05,1.5345542136497414e-05,0.0009975433349609,-0.9939536328251696,0.0,3.481020339832762e-14,6.5300130408409505e-09,6.5300130408409505e-09,0.0,-0.993953665556131,3.3581330214844186e-10,2.524313027797724e-07,5.701114075748573e-08,2.524313027797724e-07,0.0107254000613465,-0.9939536214800192,0.0,1.057092416742154e-10,7.800929058611813e-09,7.800929058611813e-09
MPC_018_LIPMWALK17,16,32,0,0,0.1245276927947998,6,converged,-1.021309518319573,0.0,7.59122655790912e-17,4.0527449223124086e-08,4.0527449223124086e-08,0.1264581680297851,8,converged,-1.0213095097741278,0.0,7.983875976800398e-17,1.3643825644441422e-08,1.3643825644441422e-08,0.0040020942687988,-1.021309151736621,0.0,8.532964301015923e-09,3.315526996316085e-07,3.315526996316085e-07,0.0665183067321777,-1.02130824197739,0.0,1.2442065816143978e-05,0.0001095268231419,0.0001095268231419,0.0,-1.0213093651291445,0.0,1.1674076359176685e-12,3.149096176883385e-07,3.149096176883385e-07,0.0,-1.0213095508418264,4.5716403668207207e-10,2.644265169355042e-07,2.757756408295122e-07,2.757756408295122e-07,0.0111345000332221,-1.0213093577914971,0.0,2.0282825113895092e-11,1.6668455930070048e-07,1.6668455930070048e-07
MPC_019_LIPMWALK18,16,32,0,0,0.1235103607177734,6,converged,-0.8782418381302863,6.851520558061e-20,4.735035701795703e-13,9.106261348227452e-07,9.106261348227452e-07,0.1266214847564697,8,converged,-0.8782418129612233,6.851520558061e-20,1.6901658050551236e-16,1.234356230616292e-07,1.234356230616292e-07,0.0045065879821777,-0.8782418556552788,6.851520558061e-20,4.095624952288552e-09,4.9648234966760125e-08,4.9648234966760125e-08,0.0665361881256103,-0.8782410655742583,6.851520558061e-20,1.545720000507536e-05,7.867433969220005e-05,7.867433969220005e-05,0.0009973049163818,-0.8782418415672266,6.851520558061e-20,2.9199202867368056e-13,6.118265535456772e-08,6.118265535456772e-08,0.0,-0.8782418960021744,6.796534540373263e-10,3.979616356635851e-07,2.032100062154904e-08,3.979616356635851e-07,0.0112195999827235,-0.8782418654358881,6.851520558061e-20,2.0454190914559982e-10,6.125287606521009e-09,6.125287606521009e-09
MPC_020_LIPMWALK19,16,32,0,0,0.1280217170715332,8,converged,-0.0622583301307368,0.0,3.29687023342867e-15,3.6642700072584175e-08,3.6642700072584175e-08,0.1320531368255615,9,converged,-0.062258289595182,0.0,2.4297375087075666e-15,8.567850224530657e-07,8.567850224530657e-07,0.004000186920166,-0.0622583297504939,0.0,3.2031241611093336e-11,5.616770310069312e-08,5.616770310069312e-08,0.067523717880249,-0.0622580236127508,0.0,7.754849211802335e-06,2.3830766843220692e-05,2.3830766843220692e-05,0.0,-0.0622583162463905,0.0,4.592215064447325e-13,9.51734897982881e-08,9.51734897982881e-08,0.0009973049163818,-0.0622584098010384,1.6320657649975435e-09,4.70175143368077e-07,8.096726471268882e-07,8.096726471268882e-07,0.0111826000502333,-0.0622583303391552,0.0,6.3800132072441395e-12,1.4032952782164172e-08,1.4032952782164172e-08
MPC_021_LIPMWALK20,16,32,0,0,0.126732587814331,7,converged,-0.3298269850449889,1.3710316862874596e-19,7.200829677067952e-14,7.178625180054676e-08,7.178625180054676e-08,0.1270174980163574,8,converged,-0.3298269239013772,1.3710316862874596e-19,4.606729250327805e-17,3.403513268361631e-07,3.403513268361631e-07,0.0040040016174316,-0.3298269834106895,1.3710316862874596e-19,8.358578002030806e-09,8.734964724006808e-09,8.734964724006808e-09,0.0675218105316162,-0.3298244721100798,1.3710316862874596e-19,5.0560018801225656e-05,0.0001381497121896,0.0001381497121896,0.001000165939331,-0.3298269022762174,1.3710316862874596e-19,1.1623085242368801e-12,5.100340045643106e-07,5.100340045643106e-07,0.0,-0.3298270287113647,4.14395509475849e-09,3.042663266273996e-07,6.736497928010798e-08,3.042663266273996e-07,0.0118164999876171,-0.3298269880752393,1.3710316862874596e-19,6.042217527485149e-12,1.6509427675214904e-09,1.6509427675214904e-09
MPC_022_LIPMWALK21,16,32,0,0,0.1271169185638427,6,converged,-0.5083388647870621,0.0,2.4758649207168418e-12,4.975992282837288e-07,4.975992282837288e-07,0.1292257308959961,8,converged,-0.5083388727814999,0.0,5.574773596038825e-16,3.124896853756345e-08,3.124896853756345e-08,0.0050017833709716,-0.5083387757204916,0.0,7.810704192959827e-09,4.898773979864847e-07,4.898773979864847e-07,0.0665223598480224,-0.5083388486094049,0.0,1.9448782173483388e-06,1.4239829035650127e-05,1.4239829035650127e-05,0.0009999275207519,-0.5083388529133274,0.0,3.079954895876718e-13,1.431809197247287e-07,1.431809197247287e-07,0.0,-0.5083388242776397,1.3095000285236504e-13,2.5586942837664638e-08,5.978897878434435e-09,2.5586942837664638e-08,0.0110894000390544,-0.5083388820986313,0.0,2.2052473177444828e-12,7.527581777303631e-10,7.527581777303631e-10
MPC_023_LIPMWALK22,16,32,0,0,0.1240575313568115,6,converged,-0.6927890161025514,0.0,2.544173186982528e-15,2.103886344653571e-07,2.103886344653571e-07,0.1275320053100586,8,converged,-0.6927889955660838,0.0,1.3662882218165389e-15,3.9143143569018497e-07,3.9143143569018497e-07,0.0049974918365478,-0.692789021827112,0.0,2.4224350025641887e-10,3.280339632028473e-08,3.280339632028473e-08,0.0670468807220459,-0.692788406736403,0.0,1.380318275268887e-05,6.507436136586598e-05,6.507436136586598e-05,0.0009992122650146,-0.6927890035198656,0.0,8.27589790516955e-13,1.320641365047182e-07,1.320641365047182e-07,0.0009992122650146,-0.6927888350162015,0.0,3.816833908514985e-07,2.0737035718395373e-07,3.816833908514985e-07,0.0114117000484839,-0.692789023751479,6.119242391677508e-12,1.384440037549714e-09,4.721778852998313e-08,4.721778852998313e-08
MPC_024_LIPMWALK23,16,32,0,0,0.1230983734130859,6,converged,-0.8779909077578691,0.0,2.510966374499815e-15,1.2194726038324926e-07,1.2194726038324926e-07,0.1280219554901123,8,converged,-0.8779908911381697,0.0,3.422236500494533e-16,7.02058469747768e-08,7.02058469747768e-08,0.0039980411529541,-0.8779906736755871,0.0,5.174551513069856e-09,5.258472559840895e-07,5.258472559840895e-07,0.0705296993255615,-0.877990783281482,0.0,3.0355881985528423e-06,7.450518176634064e-06,7.450518176634064e-06,0.0009999275207519,-0.8779909120249443,0.0,5.980677904698186e-14,1.320193840211906e-08,1.320193840211906e-08,0.0,-0.877990760758832,0.0,7.989773309101646e-07,2.966216254253219e-07,7.989773309101646e-07,0.0117797000566497,-0.877990832051873,0.0,5.38277273055258e-10,6.858529046500437e-07,6.858529046500437e-07
MPC_025_LIPMWALK24,16,32,0,0,0.1245157718658447,6,converged,-1.013582941130872,0.0,6.819805274017177e-16,4.531928909851462e-08,4.531928909851462e-08,0.1269474029541015,8,converged,-1.0135829207317832,0.0,2.3539117343800216e-16,3.4784870500781226e-08,3.4784870500781226e-08,0.0039966106414794,-1.0135829373051464,0.0,2.3594047586084155e-10,1.3352274790547542e-08,1.3352274790547542e-08,0.0685164928436279,-1.01358283690683,0.0,6.0195561608382815e-06,1.4699172787099517e-05,1.4699172787099517e-05,0.0009999275207519,-1.0135829432841406,0.0,3.569707176689718e-14,6.543910261231803e-09,6.543910261231803e-09,0.0,-1.0135829769649642,3.463336954488705e-10,2.678731080207076e-07,6.00885716436632e-08,2.678731080207076e-07,0.0110492999665439,-1.0135829440583757,0.0,4.0538462471717007e-10,1.1147239283970566e-08,1.1147239283970566e-08
MPC_026_LIPMWALK25,16,32,0,0,0.1235086917877197,6,converged,-1.0368081060230494,0.0,9.406536124391527e-17,4.093827737335688e-08,4.093827737335688e-08,0.1271400451660156,8,converged,-1.0368080977517755,0.0,1.8617102205885026e-16,1.3328488100822026e-08,1.3328488100822026e-08,0.0039997100830078,-1.0368077432029,0.0,8.84145703822605e-09,3.262967817346395e-07,3.262967817346395e-07,0.0682771205902099,-1.0368068667639208,0.0,1.2567464854187998e-05,0.0001092692910159,0.0001092692910159,0.0009989738464355,-1.036807950663748,0.0,1.1909955279958486e-12,3.162166006833926e-07,3.162166006833926e-07,0.0,-1.03680814059128,4.900072484979881e-10,2.8993735767077016e-07,2.9720531033932736e-07,2.9720531033932736e-07,0.011705300072208,-1.0368081096416455,0.0,6.525407959297698e-12,1.4591313028941725e-08,1.4591313028941725e-08
MPC_027_LIPMWALK26,16,32,0,0,0.1231915950775146,6,converged,-0.8928380305223245,0.0,4.724462620411375e-13,8.929572669180739e-07,8.929572669180739e-07,0.126511812210083,8,converged,-0.8928380050606983,0.0,5.562352905808826e-17,1.2165479557023437e-07,1.2165479557023437e-07,0.0039997100830078,-0.8928380478356264,0.0,4.056868444384739e-09,4.895402403048947e-08,4.895402403048947e-08,0.0660083293914794,-0.8928372614162674,0.0,1.5839702371259263e-05,8.076145358702498e-05,8.076145358702498e-05,0.0009999275207519,-0.892838033908183,0.0,2.928320611072788e-13,6.015189007512185e-08,6.015189007512185e-08,0.0,-0.8928380896634129,7.11342862944372e-10,4.26135848706385e-07,3.3192494757240343e-08,4.26135848706385e-07,0.0113611000124365,-0.892838054181873,0.0,4.813086105875619e-10,1.1614368340600409e-07,1.1614368340600409e-07
MPC_028_LIPMWALK27,16,32,0,0,0.1275300979614257,8,converged,-0.0647996963005454,0.0,3.718068990996685e-15,3.4190495993906845e-08,3.4190495993906845e-08,0.1290500164031982,9,converged,-0.0647996583769437,0.0,6.168296143819204e-16,8.369623445527292e-07,8.369623445527292e-07,0.0050067901611328,-0.0647996959452033,0.0,3.1870028405543305e-11,5.259496255802105e-08,5.259496255802105e-08,0.0675151348114013,-0.0647994057130136,0.0,7.166155828740773e-06,2.224344860955127e-05,2.224344860955127e-05,0.0011694431304931,-0.0647996829215271,0.0,4.468775389362812e-13,9.11336245372095e-08,9.11336245372095e-08,0.0,-0.0647997760135823,1.6325310641491391e-09,4.69455347240334e-07,8.05250586094411e-07,8.05250586094411e-07,0.0117550999857485,-0.0647996942957628,0.0,1.4765089202922975e-10,1.5651626502785148e-07,1.5651626502785148e-07
MPC_029_LIPMWALK28,16,32,0,0,0.1255078315734863,7,converged,-0.3245256682113435,6.855324180463865e-20,7.228060166953212e-14,7.197287442556445e-08,7.197287442556445e-08,0.1265275478363037,8,converged,-0.3245256073921798,6.855324180463865e-20,4.378718057972826e-17,3.4042889971302785e-07,3.4042889971302785e-07,0.004997968673706,-0.324525666640679,6.855324180463865e-20,7.989473809842144e-09,9.520934296875603e-09,9.520934296875603e-09,0.0680081844329834,-0.3245231528515321,6.855324180463865e-20,5.0643250452405054e-05,0.0001377130729227,0.0001377130729227,0.0,-0.3245255877426022,6.855324180463865e-20,1.1435706926428821e-12,5.027380007777837e-07,5.027380007777837e-07,0.0010004043579101,-0.3245257119414237,4.551044541637748e-09,3.052007717712065e-07,7.085296918429715e-08,3.052007717712065e-07,0.0111010000109672,-0.3245256062457328,6.855324180463865e-20,1.8112966135665926e-09,4.591634880714194e-07,4.591634880714194e-07
MPC_030_LIPMWALK29,16,32,0,0,0.1240322589874267,6,converged,-0.5046432288919986,0.0,2.4869260011108053e-12,4.990728745218897e-07,4.990728745218897e-07,0.1265082359313964,8,converged,-0.5046432369006786,0.0,4.273851100000426e-16,3.1339066947687045e-08,3.1339066947687045e-08,0.0055184364318847,-0.5046431405348727,0.0,7.806679602109392e-09,4.881514707328045e-07,4.881514707328045e-07,0.0665245056152343,-0.5046432082857069,0.0,1.750687530277348e-06,1.222247079329735e-05,1.222247079329735e-05,0.0,-0.5046432170922348,0.0,3.077009705392338e-13,1.433914675647349e-07,1.433914675647349e-07,0.001000165939331,-0.5046431915885488,0.0,2.6385732978575092e-08,2.718870748881053e-09,2.6385732978575092e-08,0.0109497000230476,-0.5046432446828653,0.0,5.40768113652415e-10,3.4237750216592073e-08,3.4237750216592073e-08
MPC_031_QUADCMPC1,768,1024,384,0,0.4917643070220947,14,diverged,0.0035003813709443,1.686589206271061e-09,1.1546949845249374e-09,2.451905000728059e-06,2.451905000728059e-06,1.3374080657958984,30,stalled,0.0035257913627583,1.1172009106520034e-10,8.67216415989142e-07,4.2084400905798805e-05,4.2084400905798805e-05,0.0075099468231201,0.0034991771904494,3.5213059316400617e-13,1.9300050359418124e-07,2.977315524378683e-09,1.9300050359418124e-07,0.3527636528015136,0.0035626145087237,3.54204448480306e-06,0.0004220968955779,5.074811527290706e-05,0.0004220968955779,0.0069992542266845,0.0034994552889272,5.121171588938036e-15,9.648070142863292e-12,8.989572531338641e-07,8.989572531338641e-07,0.1212706565856933,0.0036103344542707,3.7760154956848606e-05,9.527885592707912e-09,0.0001167559923556,0.0001167559923556,0.0214768999721854,0.0034992072193087,7.543428067999934e-12,4.3883302594837867e-07,4.3704589194233825e-08,4.3883302594837867e-07
MPC_032_QUADCMPC2,576,768,288,0,0.1668932437896728,7,converged,0.0040891428357215,6.98534440814052e-10,5.878667058711378e-10,5.551360200948071e-07,5.551360200948071e-07,0.6384372711181641,30,stalled,0.0041045893144468,3.1218872906151206e-10,1.4969491282788986e-07,2.5657390180106376e-05,2.5657390180106376e-05,0.0069997310638427,0.0040890822200567,1.386717556195012e-12,6.912080355127714e-08,4.383690349463678e-09,6.912080355127714e-08,0.2495715618133545,0.0041066230662001,2.0726399118519943e-06,0.0003285956769138,4.766319724946377e-06,0.0003285956769138,0.0050048828125,0.004089083852447,2.078268629016797e-15,1.5335740593612802e-10,8.063275236068732e-08,8.063275236068732e-08,0.0885272026062011,0.0040823391600474,1.9466865959423497e-06,1.5055784057769602e-08,6.867678418586079e-06,6.867678418586079e-06,0.0187489999225363,0.0040890827104044,3.5494745228431976e-12,4.5269107702733285e-08,3.1735846923038224e-08,4.5269107702733285e-08
MPC_033_QUADCMPC3,384,384,192,0,0.1401212215423584,7,converged,8.872598970249629e-12,8.07527473058396e-10,2.356119503196602e-10,8.403844812799775e-07,8.403844812799775e-07,0.304203987121582,30,stalled,5.274186956573532e-06,1.1105613801807675e-10,0.0002011858316497,0.0007678570835783,0.0007678570835783,0.0049998760223388,4.5239453211924146e-12,1.6172576662843467e-14,1.2428236699086166e-07,6.61595156491729e-07,6.61595156491729e-07,0.1641082763671875,3.769803570507852e-07,2.657333259955281e-06,7.867159309456126e-05,8.933077057001568e-06,7.867159309456126e-05,0.0019984245300292,3.1307668473038324e-17,4.663827703345103e-15,1.8153884814200589e-12,1.679546819100444e-08,1.679546819100444e-08,0.0225200653076171,6.713535205097556e-08,5.825519889343968e-06,7.77123364826645e-10,1.3426774412845214e-07,5.825519889343968e-06,0.0156528000952675,1.143254154690983e-16,1.3272186300066652e-14,1.684628089283284e-09,1.354738255895876e-09,1.684628089283284e-09
MPC_034_QUADCMPC4,384,512,192,0,0.1521964073181152,5,converged,1.8692397643135325e-15,3.6371222300025397e-10,2.6913125334177293e-10,5.346026669722524e-09,5.346026669722524e-09,0.2507126331329345,11,diverged,1.4233850838635768e-11,1.2141328807546835e-10,2.8612753285002963e-08,5.308752133498364e-06,5.308752133498364e-06,0.0045123100280761,2.9840706658141296e-17,1.3615937618082624e-14,8.894996647583628e-10,1.0148672956234245e-08,1.0148672956234245e-08,0.1610467433929443,7.836121443012518e-10,1.6436316849763702e-06,7.082374096610113e-05,4.584520703912655e-06,7.082374096610113e-05,0.001997947692871,2.6431877658867224e-17,7.997113564611228e-15,4.12374028289758e-11,1.4651911486095136e-08,1.4651911486095136e-08,0.0235078334808349,2.323126202689681e-07,1.079225366009664e-05,8.411891058399315e-09,4.648255095934967e-07,1.079225366009664e-05,0.0143454999197274,1.0248183007539144e-12,4.826249563660602e-15,2.1199997532016957e-07,4.3898245911250375e-08,2.1199997532016957e-07
MPC_035_WHLIPBAL0,50,100,0,0,0.1266663074493408,6,converged,-45.68031461563832,0.0,3.553850021729938e-09,1.23746806293704e-08,1.23746806293704e-08,0.1285245418548584,7,converged,-45.68031334520912,0.0,3.390263952212118e-14,5.036520989979667e-08,5.036520989979667e-08,0.0039985179901123,-45.680312532669845,0.0,1.5705660884858133e-08,2.3492556082196677e-07,2.3492556082196677e-07,0.0726654529571533,-45.680238211430925,0.0,7.539347833355106e-05,0.000344225727567,0.000344225727567,0.0009994506835937,-45.6803130386279,0.0,4.5782922337380246e-14,1.503162470337023e-07,1.503162470337023e-07,0.0,-45.68031454398693,0.0,8.239000131522257e-08,2.408277959045712e-08,8.239000131522257e-08,0.0113335000351071,-45.68031318256156,0.0,1.1120123952947637e-08,2.4814037864473595e-08,2.4814037864473595e-08
MPC_036_WHLIPBAL1,50,100,0,0,0.1255130767822265,5,converged,-1072.4861872899412,0.0,3.7548490226967534e-09,5.102562217439904e-08,5.102562217439904e-08,0.124016523361206,6,converged,-1072.4861492036432,0.0,7.214738179676957e-16,8.378075509637206e-08,8.378075509637206e-08,0.0030007362365722,-1072.4860844377731,0.0,2.284182768548128e-08,5.903508131823666e-07,5.903508131823666e-07,0.0715351104736328,-1072.4856671755017,0.0,6.120359702958746e-06,6.336661008575843e-05,6.336661008575843e-05,0.0009987354278564,-1072.4861824015543,0.0,1.579072148775719e-13,9.564365744906806e-08,9.564365744906806e-08,0.0009994506835937,-1072.4861888712212,0.0,6.292809880536791e-07,1.0308568316399115e-06,1.0308568316399115e-06,0.0117770999204367,-1072.4861657285303,0.0,1.4143228370712807e-10,2.4951501515344464e-08,2.4951501515344464e-08
MPC_037_WHLIPBAL2,50,100,0,0,0.1204016208648681,4,converged,-4445.160465428096,0.0,2.259110958337834e-08,5.280048607120223e-07,5.280048607120223e-07,0.1250219345092773,6,converged,-4445.160459011653,0.0,6.258185389892326e-16,4.8180313339858896e-08,4.8180313339858896e-08,0.0029993057250976,-4445.16048361515,0.0,3.612758157063398e-09,2.2664264176263985e-07,2.2664264176263985e-07,0.0741524696350097,-4445.160400192217,0.0,5.996163224454517e-07,1.4492880728389935e-06,1.4492880728389935e-06,0.0010004043579101,-4445.160486050201,0.0,5.928236305476089e-14,3.631320803522867e-07,3.631320803522867e-07,0.0009987354278564,-4445.160493556956,1.6926306817934008e-10,8.070779033129451e-15,2.3524092496313062e-14,1.6926306817934008e-10,0.0118114999495446,-4445.160472611439,0.0,3.3251902751530565e-11,4.6336423689052465e-09,4.6336423689052465e-09
MPC_038_WHLIPBAL3,50,100,0,0,0.1195118427276611,4,converged,-10764.348880938323,0.0,3.532757389869762e-09,8.803050247253715e-08,8.803050247253715e-08,0.1245269775390625,5,converged,-10764.34887455481,0.0,9.477954552310806e-16,9.93149504441112e-07,9.93149504441112e-07,0.0030000209808349,-10764.348879896155,0.0,2.1885147641022707e-08,9.049688446151542e-07,9.049688446151542e-07,0.0750067234039306,-10764.348881269883,0.0,6.86754977520281e-07,1.176596913676265e-06,1.176596913676265e-06,0.0009989738464355,-10764.34888133731,0.0,2.5339379864204392e-14,7.366138084717095e-08,7.366138084717095e-08,0.0009982585906982,-10764.348881340877,0.0,8.566267763707211e-10,6.29174210971629e-10,8.566267763707211e-10,0.0121791999554261,-10764.348881340862,0.0,5.276642302645162e-10,2.5281426744490617e-10,5.276642302645162e-10
MPC_039_WHLIPBAL4,50,100,0,0,0.1211631298065185,4,converged,-16488.487033066474,0.0,7.125549159127558e-16,1.630935538419555e-08,1.630935538419555e-08,0.1240403652191162,5,converged,-16488.4870330645,0.0,3.697234694641575e-16,7.223692411653912e-08,7.223692411653912e-08,0.0035161972045898,-16488.487033062665,0.0,2.8924102112156435e-09,1.4378356928010293e-07,1.4378356928010293e-07,0.0730073451995849,-16488.487032740046,0.0,2.6445956025456624e-06,5.52895057234645e-06,5.52895057234645e-06,0.0009999275207519,-16488.48703306629,0.0,3.364847444887297e-14,3.692461506688204e-08,3.692461506688204e-08,0.0009996891021728,-16488.487033066776,0.0,1.0534240237900382e-10,1.7315905829931204e-11,1.0534240237900382e-10,0.0137152000097557,-16488.487033066776,0.0,3.5900075231422175e-12,7.142485734371733e-12,7.142485734371733e-12
MPC_040_WHLIPBAL5,50,100,0,0,0.1215171813964843,4,converged,-17517.97964456357,0.0,8.266507950691281e-09,1.1355359440891288e-08,1.1355359440891288e-08,0.1235198974609375,5,converged,-17517.97964456337,0.0,2.8492784614368667e-16,2.166887640683365e-08,2.166887640683365e-08,0.0029976367950439,-17517.97964456317,0.0,1.1735363877524747e-09,4.813291065065501e-08,4.813291065065501e-08,0.0730090141296386,-17517.97959748377,0.0,2.9730313247394144e-05,6.259107642038671e-05,6.259107642038671e-05,0.0009999275207519,-17517.979644563547,0.0,5.832713099810163e-13,1.2808908867208109e-08,1.2808908867208109e-08,0.0,-17517.9796445636,0.0,7.323996093142044e-11,1.0947797565784147e-11,7.323996093142044e-11,0.0118709999369457,-17517.97964456356,0.0,9.160492330885887e-10,1.999276325457371e-09,1.999276325457371e-09
MPC_041_WHLIPBAL6,50,100,0,0,0.1215178966522216,4,converged,-16886.008818706658,0.0,1.0248721224291664e-08,1.687510994460899e-08,1.687510994460899e-08,0.1245203018188476,5,converged,-16886.008818706552,0.0,4.3726076648475154e-16,1.1610300161591097e-08,1.1610300161591097e-08,0.0039997100830078,-16886.00881870655,0.0,5.19074901187247e-10,2.5600687785696577e-08,2.5600687785696577e-08,0.0735223293304443,-16886.008793910703,0.0,2.6936977346845213e-05,5.5374928917436144e-05,5.5374928917436144e-05,0.0009999275207519,-16886.008818498834,0.0,3.806879611540179e-14,8.39583100717357e-07,8.39583100717357e-07,0.0,-16886.008818706665,0.0,1.4253966841702982e-10,2.416700713258357e-11,1.4253966841702982e-10,0.0117239999817684,-16886.008818706654,0.0,5.337964628700882e-10,9.044716773056495e-10,9.044716773056495e-10
MPC_042_WHLIPBAL7,50,100,0,0,0.1215095520019531,4,converged,-15771.330495772436,0.0,9.030284021369649e-09,1.4912953651409822e-08,1.4912953651409822e-08,0.1231992244720459,5,converged,-15771.33049577239,0.0,3.770376000850646e-16,9.203270086259742e-09,9.203270086259742e-09,0.0039992332458496,-15771.330495772356,0.0,4.685476593426585e-10,2.3710557911438964e-08,2.3710557911438964e-08,0.0720467567443847,-15771.330488977526,0.0,1.1291039752783406e-05,2.5037536249753865e-05,2.5037536249753865e-05,0.0009992122650146,-15771.33049566814,0.0,1.8726431432715487e-12,6.434168038903742e-07,6.434168038903742e-07,0.0009999275207519,-15771.330495772449,0.0,1.8227375118333823e-10,3.5555584714862605e-11,1.8227375118333823e-10,0.0116536999121308,-15771.330495772434,0.0,3.9513436204283703e-10,6.615027157330127e-10,6.615027157330127e-10
MPC_043_WHLIPBAL8,50,100,0,0,0.1209509372711181,4,converged,-14551.615771885276,0.0,7.733352363051414e-09,1.2563090700451385e-08,1.2563090700451385e-08,0.1225380897521972,5,converged,-14551.615771885265,0.0,7.029865461334868e-16,7.893082206951892e-09,7.893082206951892e-09,0.0039999485015869,-14551.61577188522,0.0,4.4143963975694464e-10,2.2763010898076648e-08,2.2763010898076648e-08,0.0725178718566894,-14551.615760885188,0.0,1.942180973753536e-05,3.7259314471102645e-05,3.7259314471102645e-05,0.0010011196136474,-14551.615771830922,0.0,2.7366071807428258e-12,5.100978091789928e-07,5.100978091789928e-07,0.0009994506835937,-14551.615771885285,0.0,2.1289373680187014e-10,4.6050783067867557e-11,2.1289373680187014e-10,0.0112933999625965,-14551.61577188528,0.0,2.76451772550517e-10,4.803878736550524e-10,4.803878736550524e-10
MPC_044_WHLIPBAL9,50,100,0,0,0.1215071678161621,4,converged,-13343.747176453984,0.0,6.552706717020887e-09,1.0384122165378769e-08,1.0384122165378769e-08,0.1245093345642089,5,converged,-13343.747176453971,0.0,1.1447115353245977e-15,6.909563672123629e-09,6.909563672123629e-09,0.0039980411529541,-13343.747176453937,0.0,4.0844860186825776e-10,2.2166877181585328e-08,2.2166877181585328e-08,0.0735266208648681,-13343.747113129124,0.0,2.3491286097870228e-06,4.338396598425198e-06,4.338396598425198e-06,0.0009996891021728,-13343.747176425835,0.0,3.4671292171613998e-12,4.048369444257292e-07,4.048369444257292e-07,0.0009996891021728,-13343.747176453982,0.0,2.4046416488371563e-10,5.6697385895463466e-11,2.4046416488371563e-10,0.011901400052011,-13343.747176453988,0.0,1.7488581553104778e-10,3.2356570245411674e-10,3.2356570245411674e-10
MPC_045_WHLIPBAL10,50,100,0,0,0.1205084323883056,4,converged,-12184.602420781215,0.0,5.600558036557709e-09,8.620864026679597e-09,8.620864026679597e-09,0.1230151653289794,5,converged,-12184.60242078121,0.0,3.758131979113817e-16,6.1314250167417884e-09,6.1314250167417884e-09,0.0039999485015869,-12184.60242078118,0.0,3.7421376875338064e-10,2.175134647679909e-08,2.175134647679909e-08,0.0740339756011962,-12184.602403389075,0.0,1.6909605356642628e-06,3.910118319980877e-06,3.910118319980877e-06,0.0009994506835937,-12184.602420766923,0.0,3.377376167935585e-12,3.198504423015281e-07,3.198504423015281e-07,0.0,-12184.60242078122,0.0,2.668637880854673e-10,6.79224981880014e-11,2.668637880854673e-10,0.0122067000484094,-12184.60242078122,0.0,1.2466941088983642e-10,2.3794041371599007e-10,2.3794041371599007e-10
MPC_046_WHLIPBAL11,50,100,0,0,0.1195158958435058,4,converged,-11086.475604547237,0.0,4.8176144185476815e-09,7.169656965433553e-09,7.169656965433553e-09,0.123253583908081,5,converged,-11086.475604547231,0.0,3.556403502053481e-16,5.50417246378215e-09,5.50417246378215e-09,0.0029957294464111,-11086.475604547206,0.0,3.403196313023206e-10,2.1464269380138172e-08,2.1464269380138172e-08,0.0725247859954834,-11086.475598981377,0.0,1.2942212791806997e-06,2.0785397992877546e-06,2.0785397992877546e-06,0.0009965896606445,-11086.475604540075,0.0,2.8229605072900577e-12,2.559662579968033e-07,2.559662579968033e-07,0.0009999275207519,-11086.475604547231,0.0,2.926601255544776e-10,7.98519648561005e-11,2.926601255544776e-10,0.0114683000138029,-11086.47560454724,0.0,9.387220314921951e-11,1.7219399565249058e-10,1.7219399565249058e-10
MPC_047_WHLIPBAL12,50,100,0,0,0.1205158233642578,4,converged,-10053.7136981145,0.0,4.1654445498663365e-09,5.959278103395675e-09,5.959278103395675e-09,0.1206357479095459,4,converged,-10053.713698006895,0.0,4.589316605317071e-16,9.987254169148082e-07,9.987254169148082e-07,0.0040006637573242,-10053.71369811448,0.0,3.074387710491208e-10,2.1289602020037775e-08,2.1289602020037775e-08,0.0735249519348144,-10053.713688200178,0.0,1.620713966026319e-06,3.1473389352505763e-06,3.1473389352505763e-06,0.0009999275207519,-10053.7136981111,0.0,2.0562905730277803e-12,2.018291052319308e-07,2.018291052319308e-07,0.0009994506835937,-10053.7136981145,0.0,3.1800285399615024e-10,9.249774741820379e-11,3.1800285399615024e-10,0.0114712000358849,-10053.7136981145,0.0,6.811596032085241e-11,1.2683321288325703e-10,1.2683321288325703e-10
MPC_048_WHLIPBAL13,50,100,0,0,0.1230263710021972,4,converged,-9087.718092508623,0.0,3.73503545243198e-09,5.105483030816244e-09,5.105483030816244e-09,0.1205313205718994,4,converged,-9087.71809244319,0.0,3.6555995232746633e-16,9.153321295921752e-07,9.153321295921752e-07,0.0039970874786376,-9087.718092508609,0.0,2.7603330924240744e-10,2.1222109696868393e-08,2.1222109696868393e-08,0.0735394954681396,-9087.717966033915,0.0,0.0001123590071807,0.0002266293753268,0.0002266293753268,0.0009992122650146,-9087.71809250711,0.0,1.2821630631937816e-12,1.564638499173121e-07,1.564638499173121e-07,0.0009996891021728,-9087.71809250862,0.0,3.429024220625e-10,1.0582928008908179e-10,3.429024220625e-10,0.0111882999772205,-9087.718092508623,0.0,4.993515666405697e-11,9.761805641735178e-11,9.761805641735178e-11
MPC_049_WHLIPBAL14,50,100,0,0,0.1190218925476074,3,converged,-8188.485404808638,0.0,7.016201573485746e-07,9.09734365486246e-07,9.09734365486246e-07,0.1205306053161621,4,converged,-8188.485404792143,0.0,4.966094030471806e-16,8.46857077612799e-07,8.46857077612799e-07,0.0039973258972167,-8188.4854048324605,0.0,2.463752536163617e-10,2.1263372670136088e-08,2.1263372670136088e-08,0.0725302696228027,-8188.485404552737,0.0,2.1542767193734782e-06,4.386577138817284e-06,4.386577138817284e-06,0.0009992122650146,-8188.4854048318575,0.0,6.751559902781305e-13,1.1881574855410159e-07,1.1881574855410159e-07,0.0009999275207519,-8188.485404832474,0.0,3.6731854471624335e-10,1.197971964238707e-10,3.6731854471624335e-10,0.011475900071673,-8188.485404832477,0.0,3.7618877916732096e-11,7.712022399005464e-11,7.712022399005464e-11
MPC_050_WHLIPBAL15,50,100,0,0,0.1185181140899658,3,converged,-7355.125243848323,0.0,6.601624349256439e-07,8.026731530611241e-07,8.026731530611241e-07,0.1205525398254394,4,converged,-7355.125243841492,0.0,3.514050883021836e-16,7.90449914652927e-07,7.90449914652927e-07,0.0045158863067626,-7355.125243866675,0.0,2.1870273455665643e-10,2.1421292289625897e-08,2.1421292289625897e-08,0.0725257396697998,-7355.125242159092,0.0,1.3991377045622995e-05,2.813874702087665e-05,2.813874702087665e-05,0.001000165939331,-7355.125243866391,0.0,3.927198021346527e-13,9.738966855988865e-08,9.738966855988865e-08,0.0,-7355.125243866683,0.0,3.9119141128008536e-10,1.3434921944089492e-10,3.9119141128008536e-10,0.0113253999734297,-7355.125243866682,0.0,2.811583237389166e-11,6.073951262759169e-11,6.073951262759169e-11
MPC_051_WHLIPBAL16,50,100,0,0,0.1190333366394043,3,converged,-6586.079587884857,0.0,6.206921937902634e-07,6.97062777271948e-07,6.97062777271948e-07,0.1204311847686767,4,converged,-6586.079587883105,0.0,6.469223392819465e-16,7.438574275737155e-07,7.438574275737155e-07,0.0040013790130615,-6586.079587899043,0.0,1.9295647480843496e-10,2.169107990369642e-08,2.169107990369642e-08,0.0755231380462646,-6586.079587290806,0.0,8.300047430543871e-06,1.6638445815004453e-05,1.6638445815004453e-05,0.001000165939331,-6586.079587898881,0.0,2.527059199001447e-13,8.761662211519742e-08,8.761662211519742e-08,0.0,-6586.079587899049,0.0,4.1445752714393326e-10,1.4943561611137259e-10,4.1445752714393326e-10,0.0118964000139385,-6586.07958789905,0.0,2.281305248320013e-11,5.013330487947956e-11,5.013330487947956e-11
MPC_052_WHLIPBAL17,50,100,0,0,0.1180460453033447,3,converged,-5879.2569148633165,0.0,5.833690551081724e-07,5.928146290493448e-07,5.928146290493448e-07,0.1205189228057861,4,converged,-5879.2569148641,0.0,3.5431257356701564e-16,7.052864546668406e-07,7.052864546668406e-07,0.0029892921447753,-5879.256914874324,0.0,1.6914829459636986e-10,2.2077674429570605e-08,2.2077674429570605e-08,0.0745213031768798,-5879.256914574119,0.0,6.27395089439292e-06,1.2597789625428035e-05,1.2597789625428035e-05,0.0019991397857666,-5879.256914874234,0.0,1.5243392844100968e-13,7.825716075434555e-08,7.825716075434555e-08,0.0,-5879.2569148743305,0.0,4.370380635220837e-10,1.6499987768891412e-10,4.370380635220837e-10,0.0123036000877618,-5879.2569148743305,0.0,8.245708186333023e-13,4.95869492795167e-13,8.245708186333023e-13
MPC_053_WHLIPBAL18,50,100,0,0,0.1185107231140136,3,converged,-5232.1413722909565,0.0,5.482708400533368e-07,4.896099145777756e-07,5.482708400533368e-07,0.1210315227508544,4,converged,-5232.141372292888,0.0,3.3991347248131603e-16,6.733046594215043e-07,6.733046594215043e-07,0.0039997100830078,-5232.14137229953,0.0,1.4723552902838214e-10,2.258777226550545e-08,2.258777226550545e-08,0.0729994773864746,-5232.141369855439,0.0,5.619247790536623e-06,1.128507394593098e-05,1.128507394593098e-05,0.0010004043579101,-5232.141372299482,0.0,8.516678739023603e-14,6.942852759673353e-08,6.942852759673353e-08,0.0,-5232.141372299535,0.0,4.5885247828815335e-10,1.80988901104558e-10,4.5885247828815335e-10,0.0119605999207124,-5232.141372299505,0.0,7.518001230158008e-10,4.1373608986038863e-10,7.518001230158008e-10
MPC_054_WHLIPBAL19,50,100,0,0,0.1199095249176025,3,converged,-4641.89200912094,0.0,5.154123716431284e-07,3.8692364367415993e-07,5.154123716431284e-07,0.120103120803833,4,converged,-4641.892009123264,0.0,5.74462373531613e-16,6.467669014440235e-07,6.467669014440235e-07,0.0039970874786376,-4641.892009127638,0.0,1.271409248045069e-10,2.32300414933692e-08,2.32300414933692e-08,0.0770485401153564,-4641.892008820745,0.0,3.5161455240700743e-06,7.255285998338951e-06,7.255285998338951e-06,0.0010006427764892,-4641.89200912761,0.0,4.299634176907944e-14,6.120952363604508e-08,6.120952363604508e-08,0.0,-4641.892009127638,0.0,4.798140785158724e-10,1.9734907366335043e-10,4.798140785158724e-10,0.0118527999147772,-4641.892009127617,0.0,6.778883163116774e-10,3.482193993601826e-10,6.778883163116774e-10
MPC_055_WHLIPBAL20,50,100,0,0,0.1190297603607177,3,converged,-4105.434248386285,0.0,4.847618283580963e-07,2.8403979534083334e-07,4.847618283580963e-07,0.1190299987792968,4,converged,-4105.434248388625,0.0,6.656526388678568e-16,6.247600578022539e-07,6.247600578022539e-07,0.0029950141906738,-4105.434248391534,0.0,1.0876307517892949e-10,2.401542355858725e-08,2.401542355858725e-08,0.0729994773864746,-4105.43424688479,0.0,8.667100483996587e-06,1.8109797924054963e-05,1.8109797924054963e-05,0.00099778175354,-4105.434248391521,0.0,3.624875040931425e-14,5.4882597699432635e-08,5.4882597699432635e-08,0.0009999275207519,-4105.434248391536,0.0,4.998276482370812e-10,2.1402359828597934e-10,4.998276482370812e-10,0.0116133999545127,-4105.434248391536,0.0,6.639994209114876e-13,5.03646430633033e-13,6.639994209114876e-13
MPC_056_WHLIPBAL21,50,100,0,0,0.1180393695831298,3,converged,-3619.542693471217,0.0,4.565960930602649e-07,1.8019300258335118e-07,4.565960930602649e-07,0.1205103397369384,4,converged,-3619.542693473394,0.0,3.858033449053375e-16,6.065616320269386e-07,6.065616320269386e-07,0.0029981136322021,-3619.542693475352,0.0,9.19812455780705e-11,2.4957674331938282e-08,2.4957674331938282e-08,0.0730059146881103,-3619.542692073182,0.0,2.3326632861755685e-06,4.816791093710755e-06,4.816791093710755e-06,0.0009989738464355,-3619.542693475344,0.0,6.914092120468377e-14,4.894067459975748e-08,4.894067459975748e-08,0.0,-3619.542693475352,0.0,5.187882879399109e-10,2.3095115319193726e-10,5.187882879399109e-10,0.0115862999809905,-3619.542693475336,0.0,5.92100661517973e-10,4.2883155491248766e-10,5.92100661517973e-10
MPC_057_WHLIPBAL22,50,100,0,0,0.1184704303741455,3,converged,-3180.91412480924,0.0,4.308388985494037e-07,7.39989493274463e-08,4.308388985494037e-07,0.1205112934112548,4,converged,-3180.914124811183,0.0,3.982368027062372e-16,5.916088216438503e-07,5.916088216438503e-07,0.0029988288879394,-3180.914124812511,0.0,7.733176601613115e-11,2.6145281425128977e-08,2.6145281425128977e-08,0.0710375308990478,-3180.914119039492,0.0,4.1628461680620846e-05,8.189608806790737e-05,8.189608806790737e-05,0.0009999275207519,-3180.9141248125075,0.0,5.3648453688498277e-14,4.326190111604938e-08,4.326190111604938e-08,0.0010011196136474,-3180.9141248125115,0.0,5.365868048173887e-10,2.480729468274423e-10,5.365868048173887e-10,0.0117546999827027,-3180.9141248125006,0.0,5.265693471744967e-10,3.6987878293277084e-10,5.265693471744967e-10
MPC_058_WHLIPBAL23,50,100,0,0,0.1195085048675537,3,converged,-2786.2300437472586,0.0,4.067610221360922e-07,3.614412919997759e-08,4.067610221360922e-07,0.1221237182617187,4,converged,-2786.2300437489484,0.0,3.1112069470482515e-16,5.794877951859986e-07,5.794877951859986e-07,0.0040006637573242,-2786.230043749857,0.0,7.138385583854302e-11,2.849450383697928e-08,2.849450383697928e-08,0.0745203495025634,-2786.230024849608,0.0,7.644727164385132e-05,0.0001529262468468,0.0001529262468468,0.0019943714141845,-2786.230043749856,0.0,3.7423979786042895e-14,3.791372964831813e-08,3.791372964831813e-08,0.0,-2786.230043749858,0.0,5.530975683682213e-10,2.6531526598017865e-10,5.530975683682213e-10,0.0111415999708697,-2786.230043749849,0.0,4.662127911897315e-10,3.2379124236860156e-10,4.662127911897315e-10
MPC_059_WHLIPBAL24,50,100,0,0,0.1196413040161132,3,converged,-2432.208708594392,0.0,3.8441689865812826e-07,1.515521213748099e-07,3.8441689865812826e-07,0.121028184890747,4,converged,-2432.208708595839,0.0,7.215882559579566e-16,5.698736123707039e-07,5.698736123707039e-07,0.004002571105957,-2432.208708596466,0.0,6.609935551230181e-11,3.1239048412898824e-08,3.1239048412898824e-08,0.0740091800689697,-2432.208702515624,0.0,4.457961960761791e-05,9.005137176731863e-05,9.005137176731863e-05,0.0010004043579101,-2432.208708596466,0.0,2.3991606444384197e-14,3.2970503482998795e-08,3.2970503482998795e-08,0.0,-2432.208708596466,0.0,5.6818866623433e-10,2.8260282486415e-10,5.6818866623433e-10,0.0116288000717759,-2432.2087085964604,0.0,4.1109697542000755e-10,2.8459023494803234e-10,4.1109697542000755e-10
MPC_060_WHLIPBAL25,50,100,0,0,0.1181378364562988,3,converged,-2115.647092964755,0.0,3.637355089613429e-07,2.740828643316571e-07,3.637355089613429e-07,0.1196370124816894,4,converged,-2115.6470929659818,0.0,5.712767668674481e-16,5.625707708627657e-07,5.625707708627657e-07,0.0039954185485839,-2115.647092966417,0.0,6.240219422396256e-11,3.460862757970069e-08,3.460862757970069e-08,0.0720436573028564,-2115.647092844845,0.0,4.428827483398594e-06,8.989494915570872e-06,8.989494915570872e-06,0.000995397567749,-2115.6470929664165,0.0,1.5627094177488114e-14,2.851014447989458e-08,2.851014447989458e-08,0.0,-2115.647092966416,0.0,5.817137615134862e-10,2.998489963897679e-10,5.817137615134862e-10,0.0117934999288991,-2115.647092966411,0.0,3.6062450328175675e-10,2.503843448489881e-10,3.6062450328175675e-10
MPC_061_WHLIPBAL26,50,100,0,0,0.1195154190063476,3,converged,-1833.4535421695805,0.0,3.446309632274789e-07,4.059953537199783e-07,4.059953537199783e-07,0.1196470260620117,4,converged,-1833.4535421706173,0.0,6.614697005639461e-16,5.578588042091119e-07,5.578588042091119e-07,0.0029997825622558,-1833.4535421709213,0.0,6.11396442557561e-11,3.8941197252733903e-08,3.8941197252733903e-08,0.0715236663818359,-1833.4535367766607,0.0,5.325058946860001e-05,0.000107230872816,0.000107230872816,0.0010035037994384,-1833.4535421709213,0.0,8.888030418051548e-15,2.4598000485813397e-08,2.4598000485813397e-08,0.0009994506835937,-1833.453542170921,0.0,5.935152562103442e-10,3.169558992841854e-10,5.935152562103442e-10,0.011800599982962,-1833.4535421709172,0.0,3.1428469829840043e-10,2.2143521846455976e-10,3.1428469829840043e-10
MPC_062_WHLIPBAL27,50,100,0,0,0.1185202598571777,3,converged,-1582.6721129588473,0.0,3.270100509283366e-07,5.500470346866543e-07,5.500470346866543e-07,0.1200158596038818,4,converged,-1582.6721129597229,0.0,3.327894252290198e-16,5.55423364134961e-07,5.55423364134961e-07,0.0029950141906738,-1582.6721129599373,0.0,6.315424405079224e-11,4.479303742845376e-08,4.479303742845376e-08,0.0767145156860351,-1582.6721129361629,0.0,4.21794903229976e-07,7.671804029378284e-07,7.671804029378284e-07,0.0009994506835937,-1582.6721129599375,0.0,4.936273857316298e-15,2.1268200567845862e-08,2.1268200567845862e-08,0.0010020732879638,-1582.6721129599368,0.0,6.03421346899674e-10,3.338134623072898e-10,6.03421346899674e-10,0.0112464999547228,-1582.6721129599343,0.0,2.9284115625590276e-10,1.9710257890610478e-10,2.9284115625590276e-10
MPC_063_WHLIPBAL28,50,100,0,0,0.118847370147705,3,converged,-1360.4996815206375,0.0,3.107790202726792e-07,7.096289555446861e-07,7.096289555446861e-07,0.1203734874725341,4,converged,-1360.499681521379,0.0,4.2635327898643455e-16,5.551522483180383e-07,5.551522483180383e-07,0.0039975643157958,-1360.499681521531,0.0,6.578574865420369e-11,5.213113120877999e-08,5.213113120877999e-08,0.0716242790222168,-1360.49967325452,0.0,7.526914203370537e-05,0.000151592552172,0.000151592552172,0.0009996891021728,-1360.4996815215318,0.0,2.5773626559865657e-15,1.8509802346312582e-08,1.8509802346312582e-08,0.0009989738464355,-1360.499681521531,0.0,6.112453958020124e-10,3.5029315192134236e-10,6.112453958020124e-10,0.0117039999458938,-1360.499681521529,0.0,3.0473010396809513e-10,1.7682578486622066e-10,3.0473010396809513e-10
MPC_064_WHLIPBAL29,50,100,0,0,0.1175167560577392,3,converged,-1164.296918765865,0.0,2.958454630394085e-07,8.889620112024051e-07,8.889620112024051e-07,0.1195161342620849,4,converged,-1164.296918766497,0.0,4.55477391956214e-16,5.573024576434327e-07,5.573024576434327e-07,0.0039939880371093,-1164.2969187666056,0.0,6.791763883442824e-11,6.084167997247548e-08,6.084167997247548e-08,0.0715243816375732,-1164.2969186474952,0.0,1.0062314875628056e-05,2.0199603350418347e-05,2.0199603350418347e-05,0.001002550125122,-1164.296918766606,0.0,1.6971360667361893e-12,1.6266310804711023e-08,1.6266310804711023e-08,0.0009996891021728,-1164.2969187666065,0.0,6.167900449820858e-10,3.6624799888768143e-10,6.167900449820858e-10,0.0118054000195115,-1164.2969187666044,0.0,3.1724415834635636e-10,1.6299338582979986e-10,3.1724415834635636e-10
